USE [Law_Firm_Management_System_DB]
GO
/****** Object:  Table [dbo].[User]    Script Date: 7/11/2023 1:29:00 PM ******/
SET ANSI_NULLS ON
GO
SET QUOTED_IDENTIFIER ON
GO
CREATE TABLE [dbo].[User](
	[ID] [int] IDENTITY(1,1) NOT NULL,
	[UserRoleID] [int] NOT NULL,
	[FullName] [nvarchar](max) NOT NULL,
	[Username] [nvarchar](100) NOT NULL,
	[Email] [nvarchar](256) NOT NULL,
	[Password] [nvarchar](100) NOT NULL,
	[ProfilePhoto] [varbinary](max) NULL,
 CONSTRAINT [PK_User] PRIMARY KEY CLUSTERED
(
	[ID] ASC
)WITH (PAD_INDEX = OFF, STATISTICS_NORECOMPUTE = OFF, IGNORE_DUP_KEY = OFF, ALLOW_ROW_LOCKS = ON, ALLOW_PAGE_LOCKS = ON, OPTIMIZE_FOR_SEQUENTIAL_KEY = OFF) ON [PRIMARY]
) ON [PRIMARY] TEXTIMAGE_ON [PRIMARY]
GO
/****** Object:  Table [dbo].[UserRole]    Script Date: 7/11/2023 1:29:00 PM ******/
SET ANSI_NULLS ON
GO
SET QUOTED_IDENTIFIER ON
GO
CREATE TABLE [dbo].[UserRole](
	[ID] [int] IDENTITY(1,1) NOT NULL,
	[Name] [varchar](50) NULL,
 CONSTRAINT [PK_UserRole] PRIMARY KEY CLUSTERED 
(
	[ID] ASC
)WITH (PAD_INDEX = OFF, STATISTICS_NORECOMPUTE = OFF, IGNORE_DUP_KEY = OFF, ALLOW_ROW_LOCKS = ON, ALLOW_PAGE_LOCKS = ON, OPTIMIZE_FOR_SEQUENTIAL_KEY = OFF) ON [PRIMARY]
) ON [PRIMARY]
GO
/****** Object:  Table [dbo].[Page]    Script Date: 7/11/2023 8:17:00 PM ******/
SET ANSI_NULLS ON
GO
SET QUOTED_IDENTIFIER ON
GO
CREATE TABLE [dbo].[Page](
	[ID] [int] IDENTITY(1,1) NOT NULL,
	[Name] [varchar](50) NULL,
	[AccessName] [varchar](MAX) NULL,
 CONSTRAINT [PK_Page] PRIMARY KEY CLUSTERED
(
	[ID] ASC
)WITH (PAD_INDEX = OFF, STATISTICS_NORECOMPUTE = OFF, IGNORE_DUP_KEY = OFF, ALLOW_ROW_LOCKS = ON, ALLOW_PAGE_LOCKS = ON, OPTIMIZE_FOR_SEQUENTIAL_KEY = OFF) ON [PRIMARY]
) ON [PRIMARY] TEXTIMAGE_ON [PRIMARY]
GO
/****** Object:  Table [dbo].[RoleAccessPage]    Script Date: 7/11/2023 8:17:00 PM ******/
SET ANSI_NULLS ON
GO
SET QUOTED_IDENTIFIER ON
GO
CREATE TABLE [dbo].[RoleAccessPage](
	[ID] [int] IDENTITY(1,1) NOT NULL,
	[UserRoleID] [int] NOT NULL,
	[PageID] [int] NOT NULL,
 CONSTRAINT [PK_RoleAccessPage] PRIMARY KEY CLUSTERED 
(
	[ID] ASC
)WITH (PAD_INDEX = OFF, STATISTICS_NORECOMPUTE = OFF, IGNORE_DUP_KEY = OFF, ALLOW_ROW_LOCKS = ON, ALLOW_PAGE_LOCKS = ON, OPTIMIZE_FOR_SEQUENTIAL_KEY = OFF) ON [PRIMARY]
) ON [PRIMARY]
GO
/****** Object:  Table [dbo].[Notification]    Script Date: 20/11/2023 9:25:00 PM ******/
SET ANSI_NULLS ON
GO
SET QUOTED_IDENTIFIER ON
GO
CREATE TABLE [dbo].[Notification](
	[ID] [int] IDENTITY(1,1) NOT NULL,
	[UserID] [int] NOT NULL,
	[Title] [varchar](MAX) NOT NULL,
	[Description] [varchar](MAX) NOT NULL,
	[IsRead] [bit] NOT NULL,
 CONSTRAINT [PK_Notification] PRIMARY KEY CLUSTERED 
(
	[ID] ASC
)WITH (PAD_INDEX = OFF, STATISTICS_NORECOMPUTE = OFF, IGNORE_DUP_KEY = OFF, ALLOW_ROW_LOCKS = ON, ALLOW_PAGE_LOCKS = ON, OPTIMIZE_FOR_SEQUENTIAL_KEY = OFF) ON [PRIMARY]
) ON [PRIMARY] TEXTIMAGE_ON [PRIMARY]
GO
/****** Object:  Table [dbo].[Announcement]    Script Date: 19/11/2023 4:36:00 PM ******/
SET ANSI_NULLS ON
GO
SET QUOTED_IDENTIFIER ON
GO
CREATE TABLE [dbo].[Announcement](
	[ID] [int] IDENTITY(1,1) NOT NULL,
	[PartnerUserID] [int] NOT NULL,
	[Title] [varchar](MAX) NOT NULL,
	[Description] [varchar](MAX) NOT NULL,
	[CreatedTime] [datetime] NOT NULL,
 CONSTRAINT [PK_Announcement] PRIMARY KEY CLUSTERED
(
	[ID] ASC
)WITH (PAD_INDEX = OFF, STATISTICS_NORECOMPUTE = OFF, IGNORE_DUP_KEY = OFF, ALLOW_ROW_LOCKS = ON, ALLOW_PAGE_LOCKS = ON, OPTIMIZE_FOR_SEQUENTIAL_KEY = OFF) ON [PRIMARY]
) ON [PRIMARY] TEXTIMAGE_ON [PRIMARY]
GO
/****** Object:  Table [dbo].[Appointment]    Script Date: 13/11/2023 8:15:00 PM ******/
SET ANSI_NULLS ON
GO
SET QUOTED_IDENTIFIER ON
GO
CREATE TABLE [dbo].[Appointment](
	[ID] [int] IDENTITY(1,1) NOT NULL,
	[ClientID] [int] NOT NULL,
	[PartnerUserID] [int] NOT NULL,
	[CategoryID] [int] NOT NULL,
	[AppointmentTime] [datetime] NOT NULL,
	[Status] [varchar](100) NOT NULL,
 CONSTRAINT [PK_Appointment] PRIMARY KEY CLUSTERED 
(
	[ID] ASC
)WITH (PAD_INDEX = OFF, STATISTICS_NORECOMPUTE = OFF, IGNORE_DUP_KEY = OFF, ALLOW_ROW_LOCKS = ON, ALLOW_PAGE_LOCKS = ON, OPTIMIZE_FOR_SEQUENTIAL_KEY = OFF) ON [PRIMARY]
) ON [PRIMARY]
GO
/****** Object:  Table [dbo].[AppointmentCategory]    Script Date: 21/12/2023 8:53:00 PM ******/
SET ANSI_NULLS ON
GO
SET QUOTED_IDENTIFIER ON
GO
CREATE TABLE [dbo].[AppointmentCategory](
	[ID] [int] IDENTITY(1,1) NOT NULL,
	[Name] [varchar](100) NOT NULL,
 CONSTRAINT [PK_AppointmentCategory] PRIMARY KEY CLUSTERED 
(
	[ID] ASC
)WITH (PAD_INDEX = OFF, STATISTICS_NORECOMPUTE = OFF, IGNORE_DUP_KEY = OFF, ALLOW_ROW_LOCKS = ON, ALLOW_PAGE_LOCKS = ON, OPTIMIZE_FOR_SEQUENTIAL_KEY = OFF) ON [PRIMARY]
) ON [PRIMARY]
GO
/****** Object:  Table [dbo].[Case]    Script Date: 19/11/2023 3:16:00 PM ******/
SET ANSI_NULLS ON
GO
SET QUOTED_IDENTIFIER ON
GO
CREATE TABLE [dbo].[Case](
	[Id] [int] IDENTITY(1,1) NOT NULL,
	[PartnerUserID] [int] NULL,
	[ClientID] [int] NULL,
	[Name] [varchar](max) NULL,
	[CreatedTime] [datetime] NOT NULL,
	[UpdatedTime] [datetime] NULL,
	[ClosedTime] [datetime] NULL,
	[StatusID] [int] NULL,
 CONSTRAINT [PK_Case] PRIMARY KEY CLUSTERED 
(
	[Id] ASC
)WITH (PAD_INDEX = OFF, STATISTICS_NORECOMPUTE = OFF, IGNORE_DUP_KEY = OFF, ALLOW_ROW_LOCKS = ON, ALLOW_PAGE_LOCKS = ON, OPTIMIZE_FOR_SEQUENTIAL_KEY = OFF) ON [PRIMARY]
) ON [PRIMARY] TEXTIMAGE_ON [PRIMARY]
GO
/****** Object:  Table [dbo].[CaseStatus]    Script Date: 1/2/2024 12:07:00 PM ******/
SET ANSI_NULLS ON
GO
SET QUOTED_IDENTIFIER ON
GO
CREATE TABLE [dbo].[CaseStatus](
	[Id] [int] IDENTITY(1,1) NOT NULL,
	[StatusName] [varchar](100) NULL,
	[StatusDescription] [nvarchar](max) NULL,
 CONSTRAINT [PK_Case_Status] PRIMARY KEY CLUSTERED 
(
	[Id] ASC
)WITH (PAD_INDEX = OFF, STATISTICS_NORECOMPUTE = OFF, IGNORE_DUP_KEY = OFF, ALLOW_ROW_LOCKS = ON, ALLOW_PAGE_LOCKS = ON, OPTIMIZE_FOR_SEQUENTIAL_KEY = OFF) ON [PRIMARY]
) ON [PRIMARY] TEXTIMAGE_ON [PRIMARY]
GO
/****** Object:  Table [dbo].[Task]    Script Date: 19/11/2023 3:27:00 PM ******/
SET ANSI_NULLS ON
GO
SET QUOTED_IDENTIFIER ON
GO
CREATE TABLE [dbo].[Task](
	[ID] [int] IDENTITY(1,1) NOT NULL,
	[ParalegalUserID] [int] NULL,
	[PartnerUserID] [int] NOT NULL,
	[CaseID]  [int] NULL,
	[EventID]  [int] NULL,
	[DocumentID]  [int] NULL,
	[Title] [varchar](max) NOT NULL,
	[Description] [varchar](max) NOT NULL,
	[AssignedTime] [datetime] NOT NULL,
	[CompletedTime] [datetime] NULL,
	[DueTime] [datetime] NOT NULL,
	[InProgress] [bit] NOT NULL,
 CONSTRAINT [PK_Task] PRIMARY KEY CLUSTERED 
(
	[ID] ASC
)WITH (PAD_INDEX = OFF, STATISTICS_NORECOMPUTE = OFF, IGNORE_DUP_KEY = OFF, ALLOW_ROW_LOCKS = ON, ALLOW_PAGE_LOCKS = ON, OPTIMIZE_FOR_SEQUENTIAL_KEY = OFF) ON [PRIMARY]
) ON [PRIMARY] TEXTIMAGE_ON [PRIMARY]
GO
/****** Object:  Table [dbo].[Event]    Script Date: 19/11/2023 3:37:00 PM ******/
SET ANSI_NULLS ON
GO
SET QUOTED_IDENTIFIER ON
GO
CREATE TABLE [dbo].[Event](
	[ID] [int] IDENTITY(1,1) NOT NULL,
	[CaseID] [int] NULL,
	[PartnerUserID] [int] NULL,
	[ClientID] [int] NULL,
	[Name] [varchar](max) NOT NULL,
	[CreatedTime] [datetime] NOT NULL,
	[EventTime] [datetime] NOT NULL,
	[IsCompleted] [bit] NOT NULL,
 CONSTRAINT [PK_Event] PRIMARY KEY CLUSTERED
(
	[ID] ASC
)WITH (PAD_INDEX = OFF, STATISTICS_NORECOMPUTE = OFF, IGNORE_DUP_KEY = OFF, ALLOW_ROW_LOCKS = ON, ALLOW_PAGE_LOCKS = ON, OPTIMIZE_FOR_SEQUENTIAL_KEY = OFF) ON [PRIMARY]
) ON [PRIMARY] TEXTIMAGE_ON [PRIMARY]
GO
/****** Object:  Table [dbo].[Document]    Script Date: 19/11/2023 3:53:00 PM ******/
SET ANSI_NULLS ON
GO
SET QUOTED_IDENTIFIER ON
GO
CREATE TABLE [dbo].[Document](
	[ID] [int] IDENTITY(1,1) NOT NULL,
	[Name] [varchar](max) NOT NULL,
	[CategoryID] [int] NOT NULL,
	[CaseID] [int] NULL,
	[PartnerUserID] [int] NOT NULL,
	[ModifiedDate] [datetime] NOT NULL,
	[Attachment] [varbinary](max) NOT NULL,
	[Type] [varchar](10) NOT NULL,
	[IsArchived] [bit] NOT NULL,
 CONSTRAINT [PK_Document] PRIMARY KEY CLUSTERED 
(
	[ID] ASC
)WITH (PAD_INDEX = OFF, STATISTICS_NORECOMPUTE = OFF, IGNORE_DUP_KEY = OFF, ALLOW_ROW_LOCKS = ON, ALLOW_PAGE_LOCKS = ON, OPTIMIZE_FOR_SEQUENTIAL_KEY = OFF) ON [PRIMARY]
) ON [PRIMARY] TEXTIMAGE_ON [PRIMARY]
GO
/****** Object:  Table [dbo].[DocumentCategory]    Script Date: 19/11/2023 3:53:00 PM ******/
SET ANSI_NULLS ON
GO
SET QUOTED_IDENTIFIER ON
GO
CREATE TABLE [dbo].[DocumentCategory](
	[ID] [int] IDENTITY(1,1) NOT NULL,
	[Name] [varchar](max) NOT NULL,
 CONSTRAINT [PK_DocumentCategory] PRIMARY KEY CLUSTERED 
(
	[ID] ASC
)WITH (PAD_INDEX = OFF, STATISTICS_NORECOMPUTE = OFF, IGNORE_DUP_KEY = OFF, ALLOW_ROW_LOCKS = ON, ALLOW_PAGE_LOCKS = ON, OPTIMIZE_FOR_SEQUENTIAL_KEY = OFF) ON [PRIMARY]
) ON [PRIMARY] TEXTIMAGE_ON [PRIMARY]
GO
/****** Object:  Table [dbo].[Client]    Script Date: 19/11/2023 4:09:00 PM ******/
SET ANSI_NULLS ON
GO
SET QUOTED_IDENTIFIER ON
GO
CREATE TABLE [dbo].[Client](
	[ID] [int] IDENTITY(1,1) NOT NULL,
	[UserID] [int] NULL,
	[FullName] [nvarchar](max) NOT NULL,
	[PhoneNumber] [nvarchar](256) NULL,
	[Email] [nvarchar](256) NULL,
	[Address] [nvarchar](max) NULL,
 CONSTRAINT [PK_Client] PRIMARY KEY CLUSTERED
(
	[ID] ASC
)WITH (PAD_INDEX = OFF, STATISTICS_NORECOMPUTE = OFF, IGNORE_DUP_KEY = OFF, ALLOW_ROW_LOCKS = ON, ALLOW_PAGE_LOCKS = ON, OPTIMIZE_FOR_SEQUENTIAL_KEY = OFF) ON [PRIMARY]
) ON [PRIMARY] TEXTIMAGE_ON [PRIMARY]
GO
/****** Object:  Table [dbo].[Paralegal]    Script Date: 19/11/2023 4:10:00 PM ******/
SET ANSI_NULLS ON
GO
SET QUOTED_IDENTIFIER ON
GO
CREATE TABLE [dbo].[Paralegal](
	[UserID] [int] NOT NULL,
	[PhoneNumber] [nvarchar](256) NULL,
	[Address] [nvarchar](max) NULL,
	[IsActive] [bit] NULL,
 CONSTRAINT [PK_Paralegal] PRIMARY KEY CLUSTERED
(
	[UserID] ASC
)WITH (PAD_INDEX = OFF, STATISTICS_NORECOMPUTE = OFF, IGNORE_DUP_KEY = OFF, ALLOW_ROW_LOCKS = ON, ALLOW_PAGE_LOCKS = ON, OPTIMIZE_FOR_SEQUENTIAL_KEY = OFF) ON [PRIMARY]
) ON [PRIMARY] TEXTIMAGE_ON [PRIMARY]
GO
/****** Object:  Table [dbo].[Partner]    Script Date: 29/11/2023 6:18:00 PM ******/
SET ANSI_NULLS ON
GO
SET QUOTED_IDENTIFIER ON
GO
CREATE TABLE [dbo].[Partner](
	[UserID] [int] NOT NULL,
	[ParalegalUserID] [int] NULL,
	[PhoneNumber] [nvarchar](256) NULL,
	[Address] [nvarchar](max) NULL,
 CONSTRAINT [PK_Partner] PRIMARY KEY CLUSTERED
(
	[UserID] ASC
)WITH (PAD_INDEX = OFF, STATISTICS_NORECOMPUTE = OFF, IGNORE_DUP_KEY = OFF, ALLOW_ROW_LOCKS = ON, ALLOW_PAGE_LOCKS = ON, OPTIMIZE_FOR_SEQUENTIAL_KEY = OFF) ON [PRIMARY]
) ON [PRIMARY] TEXTIMAGE_ON [PRIMARY]
GO

SET IDENTITY_INSERT [dbo].[User] ON
INSERT [dbo].[User] ([ID], [UserRoleID], [FullName], [Username], [Email], [Password]) VALUES (1, 1, N'Partner', N'partner', N'partner@gmail.com', N'1168411515814412785149174972167513371245116')
INSERT [dbo].[User] ([ID], [UserRoleID], [FullName], [Username], [Email], [Password]) VALUES (2, 2, N'Paralegal', N'paralegal', N'paralegal@gmail.com', N'89137941131780581697199247420039101219')
INSERT [dbo].[User] ([ID], [UserRoleID], [FullName], [Username], [Email], [Password]) VALUES (3, 3, N'Client', N'client', N'client@gmail.com', N'98961428173194154141109188151842308924137')
INSERT [dbo].[User] ([ID], [UserRoleID], [FullName], [Username], [Email], [Password]) VALUES (4, 3, N'Kaedehara Kazuha', N'kaedeharakazuha', N'kaedeharakazuha@gmail.com', N'1698229722215936261825011619413220617112')
INSERT [dbo].[User] ([ID], [UserRoleID], [FullName], [Username], [Email], [Password]) VALUES (5, 3, N'Zhongli', N'zhongli', N'zhongli@gmail.com', N'160230839085551011691861531893924893237115')
INSERT [dbo].[User] ([ID], [UserRoleID], [FullName], [Username], [Email], [Password]) VALUES (6, 3, N'Eula', N'eula', N'eula@gmail.com', N'1401131841402441261731401620461320023622254')
INSERT [dbo].[User] ([ID], [UserRoleID], [FullName], [Username], [Email], [Password]) VALUES (7, 3, N'Nahida', N'nahida', N'nahida@gmail.com', N'1602187344681455415123073156876889172')
INSERT [dbo].[User] ([ID], [UserRoleID], [FullName], [Username], [Email], [Password]) VALUES (8, 3, N'Venti', N'venti', N'venti@gmail.com', N'17699147227128127110140841261138315010621071')
INSERT [dbo].[User] ([ID], [UserRoleID], [FullName], [Username], [Email], [Password]) VALUES (9, 3, N'Raiden Ei', N'raidenei', N'raidenei@gmail.com', N'107135552716210199193165434580186180116203')
INSERT [dbo].[User] ([ID], [UserRoleID], [FullName], [Username], [Email], [Password]) VALUES (10, 3, N'Furina', N'furina', N'furina@gmail.com', N'881562001651901052256918214722090894819320')
INSERT [dbo].[User] ([ID], [UserRoleID], [FullName], [Username], [Email], [Password]) VALUES (11, 3, N'Yelan', N'yelan', N'yelan@gmail.com', N'622011094815217810815163472101785479182184')
INSERT [dbo].[User] ([ID], [UserRoleID], [FullName], [Username], [Email], [Password]) VALUES (12, 3, N'Cyno', N'cyno', N'cyno@gmail.com', N'3125514245153154221163672511941482102111671')
INSERT [dbo].[User] ([ID], [UserRoleID], [FullName], [Username], [Email], [Password]) VALUES (13, 3, N'Kamisato Ayaka', N'kamisatoayaka', N'kamisatoayaka@gmail.com', N'10302252491371331381971833523518207176203124')
INSERT [dbo].[User] ([ID], [UserRoleID], [FullName], [Username], [Email], [Password]) VALUES (14, 3, N'Kamisato Ayato', N'kamisatoayato', N'kamisatoayato@gmail.com', N'971751295718011822825314925166148162210223228')
INSERT [dbo].[User] ([ID], [UserRoleID], [FullName], [Username], [Email], [Password]) VALUES (15, 3, N'Yae Miko', N'yaemiko', N'yaemiko@gmail.com', N'14124282371541311961724013872009619218100')
INSERT [dbo].[User] ([ID], [UserRoleID], [FullName], [Username], [Email], [Password]) VALUES (16, 2, N'Yanfei', N'yanfei', N'yanfei@gmail.com', N'10812554593111297225504418545781096242')
INSERT [dbo].[User] ([ID], [UserRoleID], [FullName], [Username], [Email], [Password]) VALUES (17, 1, N'Sangonomiya Kokomi', N'sangonomiyakokomi', N'sangonomiyakokomi@gmail.com', N'231367268801502362213214126112115194240144')
INSERT [dbo].[User] ([ID], [UserRoleID], [FullName], [Username], [Email], [Password]) VALUES (18, 1, N'Neuvillette', N'neuvillette', N'neuvillette@gmail.com', N'10169119360185239137213194719522160242186')
INSERT [dbo].[User] ([ID], [UserRoleID], [FullName], [Username], [Email], [Password]) VALUES (19, 2, N'Navia', N'navia', N'navia@gmail.com', N'199210190154140229241542024021514513556177193')
INSERT [dbo].[User] ([ID], [UserRoleID], [FullName], [Username], [Email], [Password]) VALUES (20, 2, N'Clorinde', N'clorinde', N'clorinde@gmail.com', N'179170115257585241115441481492411931746055')
INSERT [dbo].[User] ([ID], [UserRoleID], [FullName], [Username], [Email], [Password]) VALUES (21, 2, N'Gorou', N'gorou', N'gorou@gmail.com', N'145228208160331994022912622921219011880213')
INSERT [dbo].[User] ([ID], [UserRoleID], [FullName], [Username], [Email], [Password]) VALUES (22, 3, N'Dehya', N'dehya', N'dehya@gmail.com', N'056210218223621831531095511965612247028')
SET IDENTITY_INSERT [dbo].[User] OFF
GO

SET IDENTITY_INSERT [dbo].[UserRole] ON
INSERT [dbo].[UserRole] ([ID], [Name]) VALUES (1, N'Partner')
INSERT [dbo].[UserRole] ([ID], [Name]) VALUES (2, N'Paralegal')
INSERT [dbo].[UserRole] ([ID], [Name]) VALUES (3, N'Client')
SET IDENTITY_INSERT [dbo].[UserRole] OFF
GO

SET IDENTITY_INSERT [dbo].[Page] ON
INSERT [dbo].[Page] ([ID], [Name], [AccessName]) VALUES (1, N'Dashboard', N'Dashboard_Client')
INSERT [dbo].[Page] ([ID], [Name], [AccessName]) VALUES (2, N'Dashboard', N'Dashboard_Employee')
INSERT [dbo].[Page] ([ID], [Name], [AccessName]) VALUES (3, N'Appointments', N'Appointments_Client')
INSERT [dbo].[Page] ([ID], [Name], [AccessName]) VALUES (4, N'Appointments', N'Appointments_Employee')
INSERT [dbo].[Page] ([ID], [Name], [AccessName]) VALUES (5, N'Cases', N'Cases')
INSERT [dbo].[Page] ([ID], [Name], [AccessName]) VALUES (6, N'Tasks', N'Tasks')
INSERT [dbo].[Page] ([ID], [Name], [AccessName]) VALUES (7, N'Events', N'Events_Client')
INSERT [dbo].[Page] ([ID], [Name], [AccessName]) VALUES (8, N'Events', N'Events_Employee')
INSERT [dbo].[Page] ([ID], [Name], [AccessName]) VALUES (9, N'Repositories', N'Repositories')
INSERT [dbo].[Page] ([ID], [Name], [AccessName]) VALUES (10, N'Archives', N'Archives')
INSERT [dbo].[Page] ([ID], [Name], [AccessName]) VALUES (11, N'Clients', N'Clients')
INSERT [dbo].[Page] ([ID], [Name], [AccessName]) VALUES (12, N'Paralegals', N'Paralegals')
INSERT [dbo].[Page] ([ID], [Name], [AccessName]) VALUES (13, N'Partners', N'Partners_Client')
INSERT [dbo].[Page] ([ID], [Name], [AccessName]) VALUES (14, N'Partners', N'Partners_Employee')
INSERT [dbo].[Page] ([ID], [Name], [AccessName]) VALUES (15, N'User Settings', N'UserSettings')
INSERT [dbo].[Page] ([ID], [Name], [AccessName]) VALUES (16, N'Legal Information', N'LegalInformation')
INSERT [dbo].[Page] ([ID], [Name], [AccessName]) VALUES (17, N'Cases', N'Cases_Client')
INSERT [dbo].[Page] ([ID], [Name], [AccessName]) VALUES (18, N'Cases', N'Cases_Paralegal')
SET IDENTITY_INSERT [dbo].[Page] OFF
GO

SET IDENTITY_INSERT [dbo].[RoleAccessPage] ON
/** Admin **/
INSERT [dbo].[RoleAccessPage] ([ID], [UserRoleID], [PageID]) VALUES (1, 1, 2)
INSERT [dbo].[RoleAccessPage] ([ID], [UserRoleID], [PageID]) VALUES (2, 1, 4)
INSERT [dbo].[RoleAccessPage] ([ID], [UserRoleID], [PageID]) VALUES (3, 1, 5)
INSERT [dbo].[RoleAccessPage] ([ID], [UserRoleID], [PageID]) VALUES (4, 1, 6)
INSERT [dbo].[RoleAccessPage] ([ID], [UserRoleID], [PageID]) VALUES (5, 1, 8)
INSERT [dbo].[RoleAccessPage] ([ID], [UserRoleID], [PageID]) VALUES (6, 1, 9)
INSERT [dbo].[RoleAccessPage] ([ID], [UserRoleID], [PageID]) VALUES (7, 1, 10)
INSERT [dbo].[RoleAccessPage] ([ID], [UserRoleID], [PageID]) VALUES (8, 1, 11)
INSERT [dbo].[RoleAccessPage] ([ID], [UserRoleID], [PageID]) VALUES (9, 1, 12)
INSERT [dbo].[RoleAccessPage] ([ID], [UserRoleID], [PageID]) VALUES (10, 1, 14)
INSERT [dbo].[RoleAccessPage] ([ID], [UserRoleID], [PageID]) VALUES (11, 1, 15)
INSERT [dbo].[RoleAccessPage] ([ID], [UserRoleID], [PageID]) VALUES (12, 1, 16)
/** Paralegal **/
INSERT [dbo].[RoleAccessPage] ([ID], [UserRoleID], [PageID]) VALUES (13, 2, 2)
INSERT [dbo].[RoleAccessPage] ([ID], [UserRoleID], [PageID]) VALUES (14, 2, 4)
INSERT [dbo].[RoleAccessPage] ([ID], [UserRoleID], [PageID]) VALUES (15, 2, 18)
INSERT [dbo].[RoleAccessPage] ([ID], [UserRoleID], [PageID]) VALUES (16, 2, 6)
INSERT [dbo].[RoleAccessPage] ([ID], [UserRoleID], [PageID]) VALUES (17, 2, 8)
INSERT [dbo].[RoleAccessPage] ([ID], [UserRoleID], [PageID]) VALUES (18, 2, 9)
INSERT [dbo].[RoleAccessPage] ([ID], [UserRoleID], [PageID]) VALUES (19, 2, 11)
INSERT [dbo].[RoleAccessPage] ([ID], [UserRoleID], [PageID]) VALUES (20, 2, 14)
INSERT [dbo].[RoleAccessPage] ([ID], [UserRoleID], [PageID]) VALUES (21, 2, 16)
/** Client **/
INSERT [dbo].[RoleAccessPage] ([ID], [UserRoleID], [PageID]) VALUES (22, 3, 1)
INSERT [dbo].[RoleAccessPage] ([ID], [UserRoleID], [PageID]) VALUES (23, 3, 3)
INSERT [dbo].[RoleAccessPage] ([ID], [UserRoleID], [PageID]) VALUES (24, 3, 17)
INSERT [dbo].[RoleAccessPage] ([ID], [UserRoleID], [PageID]) VALUES (25, 3, 7)
INSERT [dbo].[RoleAccessPage] ([ID], [UserRoleID], [PageID]) VALUES (26, 3, 13)
SET IDENTITY_INSERT [dbo].[RoleAccessPage] OFF
GO

SET IDENTITY_INSERT [dbo].[Notification] ON
INSERT [dbo].[Notification] ([ID], [UserID], [Title], [Description], [IsRead]) VALUES (1, 1, N'Title 1', N'This is notification 1.', 0)
INSERT [dbo].[Notification] ([ID], [UserID], [Title], [Description], [IsRead]) VALUES (2, 1, N'Title 2', N'This is notification 2.', 0)
INSERT [dbo].[Notification] ([ID], [UserID], [Title], [Description], [IsRead]) VALUES (3, 1, N'Title 3', N'This is notification 3.', 0)
INSERT [dbo].[Notification] ([ID], [UserID], [Title], [Description], [IsRead]) VALUES (4, 1, N'Title 4', N'This is notification 4.', 0)
SET IDENTITY_INSERT [dbo].[Notification] OFF
GO

SET IDENTITY_INSERT [dbo].[Announcement] ON
INSERT [dbo].[Announcement] ([ID], [PartnerUserID], [Title], [Description], [CreatedTime]) VALUES (1, 1, N'Milestone 1', N'Start preparing the documentation to detail your proposed application. In milestone 1, write about the proposed application, the type of users involved, and the functionalities of the application. You may prepare your own format of document that is professionally written.', CAST(N'2023-11-15T10:54:11.157' AS DateTime))
INSERT [dbo].[Announcement] ([ID], [PartnerUserID], [Title], [Description], [CreatedTime]) VALUES (2, 17, N'Milestone 2', N'Continue your report with: Identify users and draw user diagram (1); Identify the contents of your web application. Draw content diagram (1); Identify the interaction/functionality in your web application; Use use case (1) and sequence diagram (4/5 figures-each functionality) and show the interactions and functionality involved', CAST(N'2023-11-17T10:54:11.157' AS DateTime))
INSERT [dbo].[Announcement] ([ID], [PartnerUserID], [Title], [Description], [CreatedTime]) VALUES (3, 18, N'Test 1 Date', N'Please take note of the Test 1 Date on the 28th November 2023 at 9am. Venue will be announced soon.', CAST(N'2023-11-19T10:54:11.157' AS DateTime))
SET IDENTITY_INSERT [dbo].[Announcement] OFF
GO

SET IDENTITY_INSERT [dbo].[Appointment] ON
INSERT [dbo].[Appointment] ([ID], [ClientID], [PartnerUserID], [CategoryID], [AppointmentTime], [Status]) VALUES (1, 1, 18, N'2', CAST(N'2023-11-15T10:54:11.157' AS DateTime), N'Pending')
INSERT [dbo].[Appointment] ([ID], [ClientID], [PartnerUserID], [CategoryID], [AppointmentTime], [Status]) VALUES (2, 2, 17, N'5', CAST(N'2023-11-23T10:54:11.157' AS DateTime), N'Pending')
INSERT [dbo].[Appointment] ([ID], [ClientID], [PartnerUserID], [CategoryID], [AppointmentTime], [Status]) VALUES (3, 3, 18, N'3', CAST(N'2023-11-08T10:54:11.157' AS DateTime), N'Pending')
INSERT [dbo].[Appointment] ([ID], [ClientID], [PartnerUserID], [CategoryID], [AppointmentTime], [Status]) VALUES (4, 4, 17, N'2', CAST(N'2023-11-09T10:54:11.157' AS DateTime), N'Pending')
INSERT [dbo].[Appointment] ([ID], [ClientID], [PartnerUserID], [CategoryID], [AppointmentTime], [Status]) VALUES (5, 5, 17, N'3', CAST(N'2023-12-01T10:54:11.157' AS DateTime), N'Pending')
INSERT [dbo].[Appointment] ([ID], [ClientID], [PartnerUserID], [CategoryID], [AppointmentTime], [Status]) VALUES (6, 6, 18, N'6', CAST(N'2023-11-20T10:54:11.157' AS DateTime), N'Pending')
INSERT [dbo].[Appointment] ([ID], [ClientID], [PartnerUserID], [CategoryID], [AppointmentTime], [Status]) VALUES (7, 7, 17, N'2', CAST(N'2023-11-30T10:54:11.157' AS DateTime), N'Pending')
INSERT [dbo].[Appointment] ([ID], [ClientID], [PartnerUserID], [CategoryID], [AppointmentTime], [Status]) VALUES (8, 8, 17, N'3', CAST(N'2023-11-23T10:54:11.157' AS DateTime), N'Pending')
INSERT [dbo].[Appointment] ([ID], [ClientID], [PartnerUserID], [CategoryID], [AppointmentTime], [Status]) VALUES (9, 9, 18, N'2', CAST(N'2023-11-25T10:54:11.157' AS DateTime), N'Pending')
INSERT [dbo].[Appointment] ([ID], [ClientID], [PartnerUserID], [CategoryID], [AppointmentTime], [Status]) VALUES (10, 1, 1, N'4', CAST(N'2023-11-15T10:54:11.157' AS DateTime), N'Rejected')
INSERT [dbo].[Appointment] ([ID], [ClientID], [PartnerUserID], [CategoryID], [AppointmentTime], [Status]) VALUES (11, 1, 17, N'2', CAST(N'2023-11-18T10:54:11.157' AS DateTime), N'Pending')
INSERT [dbo].[Appointment] ([ID], [ClientID], [PartnerUserID], [CategoryID], [AppointmentTime], [Status]) VALUES (12, 1, 1, N'3', CAST(N'2023-11-22T10:54:11.157' AS DateTime), N'Pending')
INSERT [dbo].[Appointment] ([ID], [ClientID], [PartnerUserID], [CategoryID], [AppointmentTime], [Status]) VALUES (13, 1, 17, N'4', CAST(N'2023-12-10T10:54:11.157' AS DateTime), N'Approved')
SET IDENTITY_INSERT [dbo].[Appointment] OFF
GO

SET IDENTITY_INSERT [dbo].[AppointmentCategory] ON
INSERT [dbo].[AppointmentCategory] ([ID], [Name]) VALUES (1, N'Meeting')
INSERT [dbo].[AppointmentCategory] ([ID], [Name]) VALUES (2, N'Consultation')
INSERT [dbo].[AppointmentCategory] ([ID], [Name]) VALUES (3, N'Case Review')
INSERT [dbo].[AppointmentCategory] ([ID], [Name]) VALUES (4, N'Document Review')
INSERT [dbo].[AppointmentCategory] ([ID], [Name]) VALUES (5, N'Client Interview')
INSERT [dbo].[AppointmentCategory] ([ID], [Name]) VALUES (6, N'Mediation')
SET IDENTITY_INSERT [dbo].[AppointmentCategory] OFF
GO

SET IDENTITY_INSERT [dbo].[Document] ON
INSERT [dbo].[Document] ([ID], [Name], [CategoryID], [CaseID], [PartnerUserID], [ModifiedDate], [Attachment], [Type], [IsArchived]) VALUES (1, N'CS Program Book.pdf', 1, NULL, 1, CAST(N'2023-12-10T10:54:11.157' AS DateTime), 0x255044462D312E360A25A1B3C5D70A312030206F626A0A3C3C2F4163726F466F726D20313737393120302052202F4C616E6728656E2D4D59292F4D61726B496E666F3C3C2F4D61726B65642066616C73653E3E2F4D6574616461746120313737393220302052202F4F4350726F706572746965733C3C2F443C3C2F4F46465B2031383038312030205220203138303832203020522020313739303520302052202031373930362030205220203137393037203020522020313739303820302052205D2F4F726465725B5B2842414348454C4F52204F4620434F4D505554455220534349454E434520434F564552312E706466292031383038332030205220203138303832203020522020313830383120302052205D5B285050204B4F4D554E494B41534920434F564552322E70646629203137393039203020522020313739303820302052202031373930372030205220203137393036203020522020313739303520302052205D5D2F524247726F7570735B5D3E3E2F4F4347735B203138303831203020522020313830383220302052202031383038332030205220203137393035203020522020313739303620302052202031373930372030205220203137393038203020522020313739303920302052205D3E3E2F5061676573203220302052202F53747275637454726565526F6F742033373520302052202F547970652F436174616C6F673E3E0A656E646F626A0A322030206F626A0A3C3C2F436F756E74203135302F4B6964735B2031373939312030205220203137393930203020522020313737393320302052205D2F547970652F50616765733E3E0A656E646F626A0A332030206F626A0A3C3C2F436F6E74656E7473203420302052202F47726F75703C3C2F43532F4465766963655247422F532F5472616E73706172656E63792F547970652F47726F75703E3E2F4D65646961426F785B2030203020343332203634385D2F506172656E7420313739393120302052202F5265736F75726365733C3C2F4578744753746174653C3C2F475337203720302052202F475338203820302052203E3E2F466F6E743C3C2F4631203520302052202F4632203920302052203E3E2F50726F635365745B2F5044462F546578742F496D616765422F496D616765432F496D616765495D2F584F626A6563743C3C2F496D616765313120313120302052203E3E3E3E2F537472756374506172656E747320302F546162732F532F547970652F506167653E3E0A656E646F626A0A342030206F626A0A3C3C2F46696C7465722F466C6174654465636F64652F4C656E677468203736323E3E73747265616D0A789C8D56C16EDB300CBD1BF03FF0E814A82C8A926C014581264DBB0ECBD62E1976287AF052270DB0C45DEA1DF6F793BC768BDB2823720812888F8F221FF5F2B36DBB5A54F3164E4EF2B3B6ADE60FF53DDCE6B3E6F12E9FFD7AACF3EB6AB9DA54EDAAD9E4D39FDFDAF0D7BBBABAAFB7A7A7303C1FC1709626F9058213CEC26C912608D27F10C882952450C16CED8F5C4E0B583EA5898465F7AB7CFE759926B7190CEE60F63E4DC61EEC479ADCA4098C2723C823EC864DDB36EB38C18BA6695F1154E07AEC145A210BA042941DBF3E872E3BE4D721EF6474750E32FF506D9690D59BE3CBE18051BA71284ACD81C618F42E5A298561A1290E9A7542590E1A71D04C211CEB1235074D5B5170C00C078C8CD08A836639684A0B6435A1E0A0A11225AB0925074DA230AC2638069A7652106B76A3BAD8452B9C90AC2E20470BDA16A2E0298B23066DACD0BC62396AD0DA08342C388E1C349128597AC0A820BA15F57A3F6945DCB2F76AC36F69F48D701DA2D76C1940A9D0C2C03CACFBAB75B5AC11E1BC819B7DA05189EC5DA8CA3F248E3A7CCDBB0D8E68C81A611C0B8EA31A325A10B296F4C1E744E19EF78448097AE9D7B09A0F287BA8BF3783639D6DC17F51B6D8C9B8CB0CC96F7BD30738CC2EAAC2C08EDE5053CE087AE9CAE8D3E4FA4BA0331B7F8E10529E8997482F0C626735BE393B1D5D8D3F8EC69108F20FAF8A8377D5FAE10DBC0B2F8150810C26057D220BDB3A4DBE1EC1C61FDCBD91BD8B8483F2D77CBC6EA9AF4BFB583F80FB58DEFCF3403D1EF49CBA33512179A903C07372EA122F8EF64546974DCCC028EBA1FFCC4B97ED7F437370FD2829A47E9341FBF7F46522CFE6D57D189B7A3D4095ADC27CC3B47E7AF2B62ECC786C3EB02C8536BB50E053F962E6B799924AC6C64A95A270FDB02E26F721C72A53B1B87029A6CF1C6367FDB2B2D43F7BF80AA32624DA2392C2B21698E25812852E8C32078EB35E952C050F8DB35DD1F94786E52288634AB0344C474D1C5382BED94C4BCD31256815D35313C794A0419EA9268E27412D99AE9A38261D953B60AB7F0318881B4D0A656E6473747265616D0A656E646F626A0A352030206F626A0A3C3C2F42617365466F6E742F54696D65732332304E6577233230526F6D616E2F456E636F64696E672F57696E416E7369456E636F64696E672F4669727374436861722033322F466F6E7444657363726970746F72203620302052202F4C61737443686172203132322F4E616D652F46312F537562747970652F54727565547970652F547970652F466F6E742F57696474687320313737353020302052203E3E0A656E646F626A0A362030206F626A0A3C3C2F417363656E74203839312F4176675769647468203430312F436170486569676874203639332F44657363656E74202D3231362F466C6167732033322F466F6E7442426F785B202D353638202D3231362032303436203639335D2F466F6E744E616D652F54696D65732332304E6577233230526F6D616E2F466F6E74576569676874203430302F4974616C6963416E676C6520302F4C656164696E672034322F4D6178576964746820323631342F5374656D562034302F547970652F466F6E7444657363726970746F722F58486569676874203235303E3E0A656E646F626A0A372030206F626A0A3C3C2F424D2F4E6F726D616C2F547970652F4578744753746174652F636120313E3E0A656E646F626A0A382030206F626A0A3C3C2F424D2F4E6F726D616C2F434120312F547970652F4578744753746174653E3E0A656E646F626A0A392030206F626A0A3C3C2F42617365466F6E742F54696D65732332304E6577233230526F6D616E2C426F6C642F456E636F64696E672F57696E416E7369456E636F64696E672F4669727374436861722033322F466F6E7444657363726970746F7220313020302052202F4C61737443686172203132322F4E616D652F46322F537562747970652F54727565547970652F547970652F466F6E742F57696474687320313737353420302052203E3E0A656E646F626A0A31302030206F626A0A3C3C2F417363656E74203839312F4176675769647468203432372F436170486569676874203637372F44657363656E74202D3231362F466C6167732033322F466F6E7442426F785B202D353538202D3231362032303030203637375D2F466F6E744E616D652F54696D65732332304E6577233230526F6D616E2C426F6C642F466F6E74576569676874203730302F4974616C6963416E676C6520302F4C656164696E672034322F4D6178576964746820323535382F5374656D562034322F547970652F466F6E7444657363726970746F722F58486569676874203235303E3E0A656E646F626A0A31312030206F626A0A3C3C2F42697473506572436F6D706F6E656E7420382F436F6C6F7253706163652F4465766963655247422F46696C7465722F4443544465636F64652F486569676874203132302F496E746572706F6C61746520747275652F4C656E6774682031313639322F537562747970652F496D6167652F547970652F584F626A6563742F5769647468203433323E3E73747265616D0AFFD8FFE000104A46494600010101006000600000FFE1005A4578696600004D4D002A000000080002011200030000000100010000876900040000000100000026000000000003A00100030000000100010000A00200040000000100000253A0030004000000010000034A000000000000FFDB004300080606070605080707070909080A0C140D0C0B0B0C1912130F141D1A1F1E1D1A1C1C20242E2720222C231C1C2837292C30313434341F27393D38323C2E333432FFDB0043010909090C0B0C180D0D1832211C213232323232323232323232323232323232323232323232323232323232323232323232323232323232323232323232323232FFC0001108007801B003012200021101031101FFC4001F0000010501010101010100000000000000000102030405060708090A0BFFC400B5100002010303020403050504040000017D01020300041105122131410613516107227114328191A1082342B1C11552D1F02433627282090A161718191A25262728292A3435363738393A434445464748494A535455565758595A636465666768696A737475767778797A838485868788898A92939495969798999AA2A3A4A5A6A7A8A9AAB2B3B4B5B6B7B8B9BAC2C3C4C5C6C7C8C9CAD2D3D4D5D6D7D8D9DAE1E2E3E4E5E6E7E8E9EAF1F2F3F4F5F6F7F8F9FAFFC4001F0100030101010101010101010000000000000102030405060708090A0BFFC400B51100020102040403040705040400010277000102031104052131061241510761711322328108144291A1B1C109233352F0156272D10A162434E125F11718191A262728292A35363738393A434445464748494A535455565758595A636465666768696A737475767778797A82838485868788898A92939495969798999AA2A3A4A5A6A7A8A9AAB2B3B4B5B6B7B8B9BAC2C3C4C5C6C7C8C9CAD2D3D4D5D6D7D8D9DAE2E3E4E5E6E7E8E9EAF2F3F4F5F6F7F8F9FAFFDA000C03010002110311003F00F7FA28A426800345719F11756D7749D0D6E746748F0DFBC6F2F7B9E3A01D875E809FA0058739E0BF8857B31B34D6AE16686F26FB3893680F04A73B436382AD8E3A907A9C74994947464B924EC7AB1AE7B55F1A687A35E0B4BBBBFDF92015894BEDC9C1CE3A639241E71D3356FC49A8CFA4F876FAFEDA3124D6F1F9814F438EBFA66BCEF4ED66D34CD6350B8BE1707FB426135B5D08DE4DF1901427760411B707A9181D00AC7115654A378AB9AC22A4ECCF4FD3F52B3D56CD2EAC678E685C03946CE3201C11D8E08E0F3CD5BAF30F046A7359EA3069B1C0F0C5A85D4B75F67624FD9E028CC9C6768DC48618F707A0CF6FE24D7A1F0EE8D25F4886490B08A0841C19243F757DBDCF600F5AD233BC799932D0D8CD1D6BC493C6DE2EB9F18AE9F6D7D1498902BAADB83167232A01208E4EDE4839E849C03ED31190C6A6555593037053900F7C1C0C8FC055464A4AE888C9495D12D149466A8A168A4A33400B4526696800A2933473400B452519A005A290D1400B452034B4005145140051451400521A5AA3AAEA30691A55D6A172DB61B78CC8DEF81D07B9E9F8D16BE805D1CD2D798FC2AF19DC6BD36A763A849BAEBCD6BA8813FC0C7E651ECA48C7B37B57A6D3945C5D98DAB0B4514521051451400514514005145140051451400514514005145140051451400514514005145140051451400534F0297355EF6D20BFB19ECEEA212DBCF1B47221E8CA4608FCA93030758D6FC2DA8DB5CE95A86AD6232C23923925505581046E078C67079E0FB8CD78EDF7852FF447D605921BBD34C0259A6B6C058DD9B746118BE6420AA8240EE78E9545ECA27D1774B99662229E280CAB1995CA9C92A4824738F972D94E71904DDD0A3D5F56F0FF0088A1D26696D16CE18E60F1C9B033236FCE1493BD8A1C3751B7AF24573C6A7B4D1A35AB46292BB3DA1B5B81BC08BAD5E422E217B059A78C2E410546E0463A0C9C8C763C76AF148BC67676CF73E546C236286254B8B8490F3C6F64DA1CA8030C4671C649E4C9E27F106A33784618405897549D64BA587912BA46A0B0C0180C42B118EA3DCE4B2F85FAF4FA65BCB359A2BCD3A1509326F111077E7271900291C9EFEB5B4A34A514E4C705CBB9D57C38F1269F75E235B610ACB7D730B30962DE1601F7994875C924AAEE72CC49DBD00C0D0F88D2DEDFF89B48D274D81EE2E92196648C300BBD81552C4900602B91CF6C77AF30D6348D77C03AE43A9B411DBB4731920785C34791CECC70718383903209AEE1BFB6B56F1E4765625112CE6BABC9D0C9B1AE995DD5492070306340DCEDCE47239251A7CB68BD089C2E4DE01D0348F0D2C7AC6BB7B6905E4A498A39F114B1480B238C124F0548C820302770E063D434DD634ED5E37934EBD82E911B6B342E186782791D7A8AF9C2CC0D4B5784DF2B7991CA4CB72D2C6AF9037AB962C1771DBCEE3900F078AF45F85DA6C635FBDBB97124A90068C81C2EF760482464E420C13DB3D326B28D57CFC962FD94542E99EB15199E2170202E3CD2A5C2F7C0C027F515276EB5912FFC8D317FD7A3FF00E84B5B49DAC6715733FF00E162784BFE83B69FF7D1FF000ADDBCD4AD34FD3DEFEEE748AD6350CD2B1E003DFF00515F1E57D33F10BFE4966A1FF5EF1FFE84B5D9568285ACF72E54D269773464F1EF85E158DA4D6AD55645DC84B1F987AF4AD4D275AD3B5C81A7D32E92E6156DA644076E7D324726BE69B7D2CEB5AA786B4C0DB45CC691B30EA14B9C9FC066BE8ABFBAD3FC1BE1496E23B7D965610FC90C43AF603EA49EA7D726B1715CAADB955A92A72B2365DC468CE73851938049FC875AE70FC41F0A07D875CB5DD9C60939CFE5599E05F88D078D6E6EAD4E9ED6771020902F9BE62B2E71D7030738E31DEB83F8CBE1DB7B0D6AC358B58C27DB5CA4E1460191704363D48273F4CF7A71A76972C88842F2E567AA0F1BF86CDEAD90D62DBED2CE2311EE392C7803F322BA1CF7AF91F5C95E1F12DD4B1B6D749B7291D411822BEA41ABC27C32359FF961F64FB5707F8766EFE544A9DA3192EA556A5C92B233E7F1EF85ADAE24B79F5BB44962728EA5B95607047E62AF69DE24D1F55B49EEAC2FE1B88203891D0F0BC679AF92E699E79E49A462D248E598FA92726BD77E13FF00C88FE23FF7C7FE815AD7C3AA54DCD31FB247B5A32BA06520AB0C823BD3EAB587FC78C3FF005CD7F9559EF5C717757316ACEC14514550828A28A004E95E49F1A7C45E5595B68103E1E7227B8C1FE007E553F5619FF808F5AF56B9B88ED2D65B89DC2451217763D000324FE55F2AF8975A97C43E21BCD4E5C8F3A43B14FF000A0E147E000FC6BA30D4F9A57EC5C16A2F8675B93C3BE22B3D523C95864F9D41FBC87861F8827F1C57D536F3C5756F1DC42E248A550E8C3A3023208FC0D7C7F5EFBF07BC45FDA5E1C7D2A67CDC69E70B93C988FDDFC8E47B0C56D8AA7A7322A6BA9E9345252D70990514514005145140051451400514514005145140051451400514514005145140051451400514514009583E28B9F1059D8ADD6871584A210D25C25D6F2C540CE230A402D8CF52074ADE35CC78EF553A6F85AE638B9BABC06DA05CE092C0E48E0F45DC7A750077A4DD90D2D4F14F10594F662C75EB2B648F4BD4A7790465FF00D54C18992366271B41562180CE0638E2BABB5D5628B4F176D6915B09232B733411B46CC8739720B7CC002490E0B119390DC9678F6CED744F0D7877C39179486D6537523331DB193BBE5DE410B967620B0FE0AC6B6BC125AB5B37DADE3B8210047125C21619FB992CCA403865078078EF5E5E22528CD7B2F99E9518C2507ED3E4727797062FB2D887322DABF9733852155D3728C0E402464E075001EB9AF6E83E25F861E2B290DE4A988C97436EE4A360654E01E7A8C8C83D89AF27D663BBB4F0E5A69C96B6E6C60BB69E2B940B83BC630C0E4B00780CDCF40718158D7FABCF776B0D948902AC0C183428ABB8E307A003180A3F03D78C74C697B78AF66632834FDE3B1F8A5E2BD2FC476915B698D34F2472173279642F380146472781D38E9D7B33C33A87FC4C2F2E0C8E6E65812CDA1CBC64B125E42ED90D85DA0155C12582E40C93CBDDEA575ADDDC528B7B7F399F1E5C3122BB3673C719031DC9E39248AEBA79A67D7AF35EBEB568AEEE9D55A0B6550A8AC42287724285242FCEC54939EC3033A89D2872AF8BB170A6AFEF7C253F185F16786CECB4F86DF71076410ED2E7804E33870781FDE5C0E718C75BE18B6D7FC3DA849A26936BA6B6B17082EB519EE59CC2980B889483B8901C1DDCE4B9EC2B86D4AE0CB710C8EE92CD1CEB30533178DC86C85882825BA105971DFE95EA57F716BA678CB49F165B0C59EAB1FD92EA52E7E5CE36E474C82064F608D4611FBB796E2C4A49DA1B1E8485B60DE06EC7CC074CD644BFF234C5FF005E8FFF00A12D6C0AC89BFE46987FEBD1FF00F425AEC9F438E1B9F24D7D35F10BFE495EA1FF005EF1FF00E84B5F32D7D35F10BFE495EA1FF5EF1FFE84B5EA627789B4F74790F853FE474F087FBA3F9B57B27C4EE3E1CEB1FF005CD7FF00435AF1BF0A71E34F087FBA3F9B57BB78BF469BC43E15BED2EDE448E5B8550AF26768C303CE3E95C89A4E2DFF005A958AFE223C7FE06903C4FA893FF3E7FF00B3AD747F1C083A5E8D8FF9FA3FFA0D73BFF0A2F5DFFA09E9FF00F8FF00FF00135CEF8A7E1F6A1E0D8ECEE2F2EEDA759E5D8A21DD91819E7205744F9253E652142CEA277307C43FF21FBD3FF4D7FA57ABAF887FE31F49DFFBF09F60C67FDBC63FEF8AF35D5AC4DD5F6B970A0E6D191C9EC01609FCD8555FEDA7FF008447FB0B69D9F6EFB5EEF7D9B315AD3873D28791AD65799935EC3F0A3FE447F11FFBFF00FB257955D589B6D3EC6E5BFE5E95DD7E818AFF003535EABF0A3FE447F11FFBFF00FB253C73BD064BE87B2D87FC78C1FF005CD7F9558ED55EC3FE3C60FF00AE6BFCAAC76AF2A3F0A38E5BB168A28AA1052138A5A63B0552CC40006493DA803CDFE31788BFB3BC3B1E910498B8BF6F9F0795897AFD32703DC66BC12BA2F1C7880F897C57777CAC4DBA9F2ADC7611AF43F8F27F1AE76BD4A10E481BC55905747E06F109F0D78AED2F59B6DBB9F2AE3FEB9B753F8100FE15CE515ACE2A4ACC6F547D88A72320F069D5C37C2DF11FF6E784A28257DD75618824C9E4A8FB8DF88E3EA0D7719AF1E517176660D6A2D14514841451450014514500145145001451450014514500145149400B451450014555BFFB69B197FB39ADD6EF03CB370A4C79CF70083D335E7967F1035C860F0DDDEAD6DA79B5D62728E6D9640608F213731248FBEE9CF4C13401E9B4572FE0FF00144DE273ABC8F6E91416D7862B565249961DA0AB9FF7B3918EC4575140086BCC7C7B7B6F078EF40975113269FA78172F3293E5C6CCCD8DF8EA498D00FC6BD3AB0F5EF0BD87885EDE4B969E29ADDB292C0FB4E3AE08208619E7041F6A89A6D68545A4F53C6B4ABDB8D6F5A9F58984B2CF3B34FE5A24D180719542E4EC60A0018DA41029FE15F1E6A163A925FEABE1C59E7B961147720959155988D91A9F955410C70319DA4924E4D67C3A6C769E2DBA4B8BB9AE2DEC6F5A3171223CAEC15B0064FCB9E8A0282C5BA63231DBEABA65D69FA4E95A85FBBC571777B279B04EC0A5BA387641B8F0AC308BC10096239E2BCD529C65292573BA4A12E54CA5F10ECAE98C37F60B0DCD96ACC0C11EE10A28F2CBB6FC919DC7E6C8C11C8CE4835C4587862D6DA373AF3CA8C788CC0E190F1D997393EDEF5B3E2FBBD52FBC2BA768A2C61963D3E4CFDA60BA46326498D54275272D8206791F5C508753B4D434D81E5D584533AAC5342E001C1E303D01E7D7AD5D69CE34D4A9689F63AF2FA74E536AABD8C56B79F40D4E19FCA91EDE7CF9120701F1918E7A03D38F4FC6BD8F55D68F827C2F6FA6DE5841AAEA175B5678C2848C07F9419339C8E36E71CE3B0C0AF25D5267D4F55B3B1D2CFDBA1B7202B332C685B1B88DE7007087193D738AEEF57D5AE75EBA6BF9A0B6B69A78E1B58AD04EB3BE43139C1182D8941C608E84E735A3A9254E3392F7D98E229C1D67083F751CFE95AAEA7AAA6A16373A6B5A59456CB3DB2A3487CBCE02AAB03BD90A9385DD818C70380906A7149E1AD4FC33726599DEE20B8B38228E48A4DC640B322F9849C942CDD48E5ABA9F1BE8F25947369F3BCF2DBCCE93D94D28F37710815E239230460B80082416C7422AA7C39F085B78834ED424D42FEF9560BC1125B43332280A15C1F9C6F0093EA3A1E4D674F9DD577D0C1B8AA573D57C35752DF785B49BB9CB19A6B386472DD4B1404FEB4C9BFE46987FEBD1FF00F425AD3B7822B5B78E082358E189422228C05503000F602B326FF91AA2FF00AF47FF00D096BBA5D0E486E7C935F4D7C42FF9259A87FD7BC7FF00A12D7CCB5F4D7C42FF009259A87FD7BC7FFA12D7A989DE26D3DD1E149A95CE8F7BA06A1671A49710401E34752558EE6EA0104FE06BAC6F8CFE2E8D373E97A72A8EA4DBCBFF00C5D657857FE473F087FBA3F9B57B1FC4D51FF0AEB58C0FF9669FFA1AD61094748B57FF008734C435ED2CCC0F86DF10F57F17EB37767A85BD9471C36FE6A9B747524EE039CB1E393557E38FFC83345FFAFA3FFA0D737F02FF00E468D43FEBCFFF00675AE93E38FF00C83345FF00AFA3FF00A0D3A9151AB646514955491C8E81A7FF006A6A9E34B40BB99F4E90A0F5656565FD40AF37E6BD93E1700DF1175F046736E47FE3CB5E6EDA137FC26E74000FFC843ECA3E9BF6E7F2E735B616764D3EC6D51FEF246C78F74F1A659785ED76ED65D2919C7A3333337EA4D75BF0A3FE447F11FF00BFFF00B2567FC7150BE26D3540000B20001DBE76AD0F851FF223F88FFDFF00FD92A2BBBE15B223AA47B2D87FC78C1FF5CD7F9558ED55EC3FE3C60FFAE6BFCAAC76AE08FC28E596EC5A28A2A842570BF153C45FD87E1292DE17DB75A86608F1D42FF19FCB8FAB0AEE8D7CD9F133C45FDBFE2EB8113EEB5B3FF4787078383F337E273CFA015B508734CA8ABB38DA28AB3616536A5A8DBD8DB2EE9AE2458D076C938E7DABD47A2D4DCAD45753E3CF09FF00C227AE25AC459ED65895E191BB90006CFBE413F422B96A519292BA123B3F863E22FEC1F174292BE2D2FB16F2E4F0093F2B7E078FA135F488AF912C2D1EFAFA1B6424176C123B0EE7F019AEEB54F88FE30D2AF9ED3FB411A3500C6CD021254F4C9C727B67DAB82BA8CAB2845EA3951938F3AD8FA0E92BE71FF85B3E2FFF009FF8BFF01D3FC28FF85B5E2FFF009FF8BFF01D3FC297D56A18FB367D1D457CE3FF000B6BC5FF00F3FF0017FE03A7F851FF000B6BC5FF00F3FF0017FE03A7F852FAAD40E467D1DD6835E0FA5FC6AD6ADE651A959DADDC39F98C60C6FF0081C91FA5759E34F1A9BBF87B06B5E1DBF9212F7491B32E03A1C1CA30E707A7E847150E84E2ECC4E2CF4CA2BE5FFF008581E2BFFA0E5DFE63FC293FE16078B3FE83975F98FF000AD7EA932BD9B3EA1A2BE5EFF8581E2CFF00A0E5D7E63FC28FF8581E2CFF00A0E5D7E63FC28FAA4C3D9B3EA1A2BE6DB5F1578D2F34ABFD421D6EE9A3B231F9C323215C901BA740473F5AA3FF000B03C59FF41CBAFCC7F852FAACBB87233EA0CD266BE5FF00F8581E2BFF00A0E5D7E63FC2BDFBC13AFF00FC247E12B3BF770D385F2EE3DA45E0E7D33C1FC45454A1282BB25C5A3A3A2BE75F137C47D76E3C477CFA66A93C162B29485232305578CF4EF8CFE3593FF0B03C57FF0041CBBFCC7F855AC2CDAB8D5367D3F5CCC9E04D1E6D26DF4C90DCB5B5BDA4F6880C833B652A58938FBC0A020F6AF31F87DAB78B3C53E258E2975ABB3636D896E4E40C80785E9DCF1F4CFA57BA8AC670707664B5632F48F0FD868724ED628D1ACC90C650B655563408A07FC040AD5A28A8109583E31BEBED37C27A85DE9B1992EA38FE45552CDC9009007700923FAF4ADEA4650CA430C83D4526AEAC09D9DCF10B1D62D21D675468136DDC2F6E96334916E8E05909DCE981B7710540CF73C64022A5D7AFDEF12DA2B26D435089D0CD72B3DC4E55C029B1954305209DC7E5561C0201E95ADE22F047D96FEE7C9B7BEBCB1B98D9AD2D6D401141303C0640000391863C00083C8527AAD53C2D3CBF64BBD3A58A3BAB6B65B7F266CF94EABC8191CA9049E40391C107823CC950A9B43A7E2767B58B77919BF0EAD34DBAF0E6E6B1D3FCE598AFC88864C26154BE070D85F404800E0126B8EF891F0DAE86B31EA7E1FB369A2BE9824D6F18FF00552B1C6E1E884F5278079E878A579E0DF13D83465ECE5664725E758BED058658965D9B8EE3B80E42E368A9597C470DCC2B0BEB315BADAC292889E689CCC366F3B5880060BE3DC71C633D74EBCA9D93463D6E99E99E15F04E9BE1CD021B19A082EAE0B09AE269230DBA4C11919E800240F627D4D79B78854AF8C6F9B47B1B5135BB1304B62E63540549259E32A7712CC0EE61807014E727164D27C63A946914F05EDC131C9BC3DBCB226F270A158A9E9904E4F4079CF15D8F85FC07E20B292ED5A76B7B79C8024BB6591D5549DA551588048639CB0C139C1E9515DCEA47DC5A8E0D297BCC55D6ED5E1B28669AEAEECEF4C4B756776D24C2457FE38F7E5C6D20B02A718538E70441E01D6AE65D4B4B5B18A5921BA9A68EE24913911460952C7AF058004E79EBD735BFE2DF0B5BFD9B46B71617B7967656925B2B5BFCD32B8F2FCB3C0EE15C671819C11835BBE0FF000C1F0FD8B497529B8D467E6699F0CC07509BF00B63B93D4E4E00C019D2A1252B4BA152AAB96CBA9D376AC79B9F14C3FF005E8FFF00A12D6C76AA46C89D5D2F77F0B0B45B71D7241CE7F0AED926ED6308BB1F235FD9CDA76A1716570A566B795A3707D41C1FE55EBDE2EF897A0EAFF0F64D3AD1E56BFB98E34680C6479582092588C11C7627A8AE9BC71F0BACBC5770751B49C59EA44619F6E525C74DC3AE78C6476EC78AE022F821E246B8092DE69B1C59E64591DB8F61B464FE55E9BAB4AA45393B346CA51766CCDF0D0913C4BE1BBA489A44B4B6F3E5C765048CFE640FA9AF6DF12DA7FC259E07BEB4D3A44692E61FDD64E01208201F4C918F6AA3A3780A1D1F419AC16E165B892358BED263C1DA0E718C9C0CE4F5F4F4ABBA1F876F747B9DCB7CAF0B7DF88A75F7EBC1AF26556AC6AAB2D3FE09B55952A8B993F791C5FC25F056B7E1DD56FEFB56B516CAF088510BAB331DC093C13C0C7EB507C71BF849D134F0C0CFE634CC01FBABC28CFD4E71F435EB9702736F20B631ACD8F90C809507DC0209FCEBC9F55F841ABEB7ABC9A9EA1E248A6B8918127ECA400074006EE00AED5353939C99CF092E7E6654F857FF00251F5DFF00AF73FF00A1AD5B6F0FFF00C64109767EE7C8FB7E3D7E4D99FF00BEF9AE97C27E0297C35E26D43577BF59D6EA3D823116D2BC839CE4FA575074A83FB7FF00B63FE5E3ECBF65E9FC3BB77F3A88D4E5DBB0EB54529B68F15F8E9FF234E9DFF5E7FF00B3B55EF851FF00223F88FF00DFFF00D92BABF1F7C379BC67AADB5EC7A925A8861F28A3425F3F3139CE47AD4FE11F004BE18D0753D39F504B86BC6C87588AECF971D32735AD4A91961B916E119A491D9D87FC78C1FF005CD7F9558A8ADE3F26DE38B39D8A067D78A96B922AC92316F51690D2D25508E57E20788BFE11CF095D5CC6FB6EA61E45BE0F21D81E47D064FE15F329EB9AF41F8BBE22FED6F147F6742F9B6D3818CE3A194FDE3F8602FD41F5AF3DAF4B0D0E585FB9B4159057A9FC17F0EFDAB55B8D7A64CC7680C5013FF3D187CC7F0538FF00815797C313CF3470C485E49182A281CB127000FAD7D4FE14D093C39E1AB2D3131BE24CCAC3F8A43CB1FCC9C7B629626A72C6C826EC8C1F8A7E1DFEDCF08C93449BAEAC099E3C0E4A81F3AFE239FAA8AF9CEBEC3650C36900823041EF5F31F8C3C312689E33B8D2E043E4CD2092DB8E3CB63C0FC3907E86B1C3D6518B52E814AF27CA8B1E0ED3F6A4B7EEBCB7EEE3FA773FC87E06AC78BF4FF3EC52ED065E0386C0EAA7FC0FF335BB696C9676915BC7F76350A3DFDFF3CD492C493C4F148BB91D4AB03DC1E0D7C94F3093C6FB65B5FF0003EA23854B0FECD9E4F4A01270067D8558BFB47B1BE9AD9F3FBB6C027B8EA0FE58A6D9FF00C7EC1FF5D17F98AFB985453829A3E7271716D3253A4EA201274FBA00724985B8FD2AA1041208C63D6BEC2006DAF01F8CB676B6BE308648115249ED449305C0DCDB98063EE40033ED5852C439CB95A328CEEEC79D55C87519A2D2AEB4FC930DC3A4A47A32E403F931FD2A9D03AD75357DCB0A28A920754B88DDBEEAB8278CF00D0F4023A2BE801F153C1607DD9BFF000168FF0085ABE0AFEECDFF0080B5CDEDE7FCA4733395F82B6D0DE37882D6E2359219A08D2446190C0EF041FC2B84F1678766F0C788AE74D937346A7741211F7E33F74FF43EE0D7B447F16BC1F164C6D70B9EBB6D88CD719F123C55E16F16E990BD94938D4AD9BF765A1203A1FBCA4FEA3E87D6A2139FB4BB5A3126EE797D757E19F194FE1ED035BD350B66F6202020FF00AB9090AC7DBE524E7D545729EF4575CA2A4ACCB6829CAACEC1514B331C00064934DAF48F847E143AB6B6759BA8F36960C3CBCF479BB7FDF2307EA47BD4D49A846E0DD91EA5E00F0B2F85FC3515BC8A3ED93E25B93FED1E8BF4038FCCF7AEAE814B5E4C9B6EECC1BB85145148421ACDBFD774DD327586F2E7CA90AEF03CB66E39F407D0D691AC1B8F13436FE2BFEC036F2197EC06F7CD046DDA18AEDFAF142570B0EFF84BB42FF9FEFF00C82FFF00C4D1FF00097685FF003FDFF905FF00F89AE76C3E28D85EDDE876E6C278FF00B5C318D99811191232007D7257F5A25F89F6A8B095D32E1CCBF6B20071C0B752CDF9807157ECE5D8AE56745FF0976838FF008FEFFC82FF00FC4D1FF097683FF3FDFF00905FFF0089AA171E38B5834FD02E92D6593FB659447186198C150589FF0077BE2B153E293B68126B8DE1BBF5D3914113975DAC7CC0981F893F950A9C9EB60E56753FF097683FF3FDFF00905FFF0089A3FE12ED07FE7FBFF20BFF00F135CFAFC4FB18ACF529751D32FACAE2C238E47B79029670E405DA41F523AE3AD27FC2CD823DD0DC68D7B6F7A97B059C96D215CA9955991B39E4614FE628F6725D03959D0FFC25DA17FCFF007FE417FF00E268FF0084BF42FF009FEFFC82FF00FC4D73D6DF11EE27D566D3DFC31A84535BA092E033A7EE908C863ED8ADCB3F1759DCF82C789E48A486D7C9699A3386601491818E09247EB49C248395A26FF84BF42FF9FEFF00C82FFF00C4D27FC25FA17FCFF7FE417FFE26B37C3FE3B835ABE96CE7D3EE74F996D05EA09F043C248F981078EA38F7AAB61F12AC750F076A3E228ECA758EC64D8F0330DCD9DB8208E31F37E868F6720E566E7FC25FA163FE3FBFF20BFF00F1347FC25DA0FF00CFF7FE417FFE26B9F8BE27D8C97DAB5A9B19D5F4EB36BB6CB8FDE280A481EFF30A8A6F8AD63146674D2AFA5B5860B79AF264DB8B7F394141C9049E40E29FB29F60E5674BFF00097685FF003FDFF905FF00F89A3FE12ED0BFE7FBFF0020BFF8557F1878BEDFC23A341A94D6D25CC734C21558C8079566079EDF2FEB54758F88563A4DFE896A6D6599B5608C85580F2C3100139FAFE949424F6172B35BFE12ED0BFE7FBFF20BFF00F1347FC25FA17FCFF7FE417FFE26AA1F1AD97FC2743C2BE53FDA4C5E679B91B73B776DC75CEDE6AEF877C451788A2BF786078859DEC966DBC83B8A632C31D8E6938B5B8598DFF84BF42FF9FEFF00C82FFF00C4D1FF00097685FF003FDFF905FF00F89AC2BCF897656DA8EB965158CF3C9A447E649B580F31432ABE3FDD2DCFD0D3B5BF899A668F35B46B6B3DD7DA2D12E93C9C13872022FD493F973CD57B39761F2B36FF00E12FD0BFE7FBFF0020BFFF001347FC25DA17FCFF007FE417FF00E26B0A1F8936EF3C36B3E95776D78DA945A7CB0485731B3E4AB647046076AD36F19D9AF8ED3C2BE4BFDA5A2F33CDC8DA0ED2DB71D73819A4E12172B3A48DD648D5D4E5580653EA29F48296A44277AC4F16EBA9E1BF0D5E6A4D8324698854FF001487851F99E7D81ADB35E19F19FC45F6CD5E0D0E07CC3683CD9B0783230E07E0A7FF001E35A52873CD22A2AECF3096579A5796562F23B16662725893924D328A5033F8F15EB6C8DCEDFE1AE8F2DC6AD3EB7F671343A520942B1C0690FDDFC4005BEA07AD7A97FC27B3FF00CF8A7FDFCFFEB568F80BC383C3BE10B6B495317330F3AE33FDF6EC7E8303F0AE435DD3BFB33569A003F764EE8FFDD3D3F2E9F857CB66F88AD1973D37A1D997D3A35A6E1516A6F7FC27B37FCF8AFF00DFCFFEB56178AEE65D67496F11AE98866D2FE5CF9872C8D8DDDBB707E84D6722348EA88A599880001C927A0AF53D3B4882DB421A7CD1AC892465660470FB87CD9F6E6B8F2FAD5B112FDE3F74E8C753A38549D35EF1F3DFFC26B27FCF8A7FDFCFFEB51FF09AC9FF003E2BFF007F0FF8565789B4597C3DE22BDD2E4C9F26422363FC487953F8823F1CD50B2B57BDBC8ADA31F348C067D0773F957BD2CB3071873B8E8610C6D79B493DCD8D67CED574F8B5836C221BBCA2036770ECDD3D722B091CC722BAE37290C323B839AF4F7B085F4C3618C43E5F963DB8C03F5EF5E673DBC905D3DBBAFEF11F6103B9E9C54E538C8558CA9AE9F9158EC3B83527D4EDCFC5EF1615204F6A32319100C8AE3B53D52F758BF92FB50B87B8B990FCCED8FC0003803D8715A31F837C4D22E5740D4BAE3E6B665FD08AB49F0F7C58E540D0EEB9E9BB007E393C57A91F65177479DEEA399AD287479A4F0F5D6B0CA4410CC96E871C33B024FE400CFD45771A1FC1BD6EF2756D5E48EC2DF3F32AB892423D80C81F527F035D3FC4ED1ECB42F8696DA7D843E5DBC576800CE49386C927B926A255D7328C41C95EC8F0FA4A2A48367DA22DF8D9BC6ECF4C679AE86EC8A199A335EF03FE154639FECAFF00C7A97FE2D3FF00D42BFF001EAE7FAC7F748E63C1B349FAD7D17A4E83F0F35D69574CB2D3EE9A200B88C13B73D33F9579AFC534D034ED521D1F45D3ADE09201BEE658C1CE48E133EC0E4FD47A1A70AFCD2E5B0295CF3FA4A297048CE3A753E95B9602BE81F843AC59DF784574F85122B9B262B2A2FF0016E2487FC791F51F4AF9F6BA1F05F8924F0BF892DEFB2C6DD8F977083F8A33D78F51C11EE2B1AF4F9E1A1325747D48296A28268EE208E685C3C72286465E8C08C83F9549CD796602D145140086BCF752FF0092C60FFD4BCDFF00A35ABD0AB98F10F83A3D6F538753B7D46EF4EBF8E136E66B723E7889CED208F52483EFF4C5C1A4F52A2ECCF14B38D868FA1DEC6A5A5D3F4C92F23C7631DF127FF1DCD6EF87121BFF0011F8650E1E0B8B9D5413FDE5643FD0D7A25B7C39D26D618E08A6B910A69B269DB0B03B92462CCC4E3EF6493E9CF4A6E8BF0EB4ED12E7489E0BBBB91B4C69DA20E570FE6AE1B381DBB62BA3DB4795A34E74703E11924D4757D0B4A94EE93C3F697CD30EA031728A3F01B71F4AA5147AE0F8173BCB3589D18A6228D51BCE0DF6B1924F4C67774F515EB1A5782B4ED235BD5F5582498CDA992640D8C2649276F1DC9CF39AC74F85F02683268675ED55B4D75C0B7263DAA7787C8F97AE47EA6A7DAC45CE8E461D39358D4FC5367E2DBCB4B3BA6B2B654BA8A4DB6F1AF053EFE0E7705C8279E47A545A8EA5752C7A7E93AC5B449ADE9FAFD925D5C46A3FD250ABF96E4F52703BFA8E99207A06A9F0EF4CD5A6D4E4B8B9BA075082289C295F93CB20A91C75E06739EA6AB47F0D2CDA4FB45EEA97D777A6F60BC92E242B97310211718E061B9EFC0A3DA45EE1CC8A0BFF002517C647FEA171FF00E81563C236B637BF06ED6D7539921B396D645965770810176E7278183CF35D18F0B5AFF6E6A9AAF9F379BA8DBADBC89C6D50063238CE7EB4CB7F08D8C1E0CFF8461A59DECCC2D0990901F04939CE31904FA566E6993CC8F386D766F0EF8775ED13524827BEB5D300D3F5289466E2D5D8469F30E782CBDF1C1F4C9C28EFEC5340F16E9B6323341269D672A068CA10D1EC8DCE08072490735E88BF0AECA431B5F6B1A85DC91AC51233951B618CE4478C74CE093D78ED939D5F12780EC3C4B7CD773DD5CC123DA7D8DFC92B864DFBFB83CE6B455208AE6478C6A07EC779ACEA3D108364FEFE6DA92BFF008F20AE962F2FC3DA7D87886D1AD751D3E4B0B28B5DD39995DA3FDDA88DF69E878E01EFEC491DADD7C31D2AEEC351B492EEEB6DF4B14ACC36E51A30546DE3B827355E5F853A7BEE89355D463B39A1822BAB7565C4E2250A9938C8E9CFD4E31573AD19751B9A627C51B68F50D1FC3B6C31E55C6B36F18E38C32B8FEB5E650DE7F6BCDE1EB960C0E9B71A769F8C63041989FC7E51FA57BBEB3E1FB6D6D34D49A49225D3EF62BC8C478F99A3CE14E474E6B9FF00F8567A5A452245777685F535D4830DB9575CE1471F746E3EFEF59D3AB18C6CC51924B53CEFFE120B23E345D583B7DB3FE12129908DB7ECA5445BB76319E3A6735DEFC379561D3BC4F2C8DB5135BBA6627B001335A27E1FE9C7C14BE18FB4DCF90AFE60B8CAF9A1B7EFCE718F6E9D2AAC5F0E96017F1C1E20D522B7BF925927810C7B59A41863F77D31F90A253849581C93479C786351D3EFBC47A434A5CCBABBDF45A8A1420113125006230D9E3A74ABFE16F0CDA6A9E0ED67FB63548EDEE1AED2C6D2EA570A23300C46172475C9181C903D79AF4A9BC15632E93A269E934D12E9134534122E373320FE2E31827938C5547F879A6BF872E74637574125BC37AB30203C7213918E3181FD69BAA9EC0E48E0EEB579EFAE743B1D4ED62875BD3FC456915EC91A8027EBB24C8033900FFF005B38AA127882C7FE135FED7DEFF6D5F1104CEC3B7ECA17CADDBB18CE3B66BD122F86B64AF1DCCFA95EDC5F2DFC77F25D3EDDD23C608452318DA3278AB5FF000AFF004DFF008427FE117FB4DCF901FCCFB46479BBB7EFCE718F6E9D28F6905B073A3AE14B4C41B542925881827D69F5CC64676B7AAC1A268D77A95C7FABB78CB919C6E3D947B9381F8D7CA57F7B3EA37F717B74FBE79E43248DEA49C9FF00F557D23E3DF0C6A1E2CD2A0D3ECEF62B5844BE64DBD492F8FBA38ED924FE02BCF3FE146EA7FF00418B5FFBF6D5D7879C20AF2348348F29AECFE19787BFB7FC5F03C899B4B1C5C4B9E8483F2AFE2D838EE01AE8FF00E1476A5FF418B4FF00BF6D5E87E03F072F83B4896DDE649EEA7937CB2A2E01038503D80CFE24D6B5711171B4595292B687578E2B98F19E99F6AD385DA0FDE5BF27DD7BD7514C963596368DD432B0C107B8AF26BD25569B83151AAE954535D0F3BF07699F6CD4CDD48B98ADC647BB1E9F973FA57A30AA1A46950E9367F6788EECB162C7A9C9FF000C0FC2B42B3C261FD853E5EA6B8BC43AF55C8F25F8D3E1DF3ACAD75F813E780882E081D509F949FA1247FC085707E0ED3B0B26A120FBDF2479F4EE7FA7E06BE8AD534F8356D32E74FB95DD0DCC6D1B8F623A8F7AE16D7E1DDDDA5B476F15CC1B230141E79F73578DA956587F654FA9B602A5284F9AA3D8E6EB92F12D8795AAD9DF22FCB2C8A8F8F50463F303F4AF57FF008412FBFE7E60FD6A0BAF87577796E6292E60032181C1E083907F4AF272FA188C3D653B687A78BC661AB5371BEA7A328A5E29169D5EE9F382579D7C67FF0091223FFAFC4FFD05ABD16B9FF18F85D3C5BA2AE9CF74D6C04CB2EF54DC780463191EB5506A324D8D68CF96A8AF68FF0085176DFF0041D9BFF0187FF1547FC28BB7FF00A0ECDFF80E3FF8AAF47EB34CDB9D1E2F457B47FC28BB7FFA0ECDFF0080E3FF008AA3FE145DBFFD0766FF00C071FF00C551F59A61CE8E67E1B78821F0C693E24D4E5C1648A158A33FF2D2425F68FEA7D813DAB83BABA9EF6EE6BAB990C93CCE6491CF5662724FE75EC7FF000A3A00A546BF36D24123ECE3048E9FC5EE7F3A4FF85176FF00F41E97FF0001C7FF001550AB5252721732BDCF17ED5EB9E0AF01AEA9F0DB539668C0BAD4BE6B62C3EE88CFC9F4CB673ED8AB9FF0A2EDBAFF006F4BFF0080C3FF008AAF54B2B3834FB0B7B2B65DB0C11AC71AFA28181FA0ACEB62134944529F63E447468DD91D4AB292181EA08EC692BDE35DF83D65ACEB777A8C5A9C96A2E64F30C4B086018F520E475393F8D67FFC28BB7FFA0ECBFF0080C3FF008AAD962616D4A53459F83BE2AFB6E9AFA05D3FFA45A0DF6E49FBD193CAFF00C049FC88F4AF54AF31D17E117F616B16BA95A6BF289ADDC301F671861DC1F9BA10483F5AF4E15C355C5CAF13295AFA0B4514566485145140052628A2800C51451400B4628A2801314B451400628A28A004C518A28A002968A2800A4A28A0031451450018A28A280168A28A00434628A2800A28A280168A28A0028A28A004C5145140051D68A28B000A5A28A0028A28A004C52D14500145145200A28A28010D18A28A6018C52D14500262968A2800A28A2803FFD90A656E6473747265616D0A656E646F626A0A31322030206F626A0A3C3C2F436F6E74656E747320313320302052202F47726F75703C3C2F43532F4465766963655247422F532F5472616E73706172656E63792F547970652F47726F75703E3E2F4D65646961426F785B2030203020343332203634385D2F506172656E7420313739393120302052202F5265736F75726365733C3C2F4578744753746174653C3C2F475337203720302052202F475338203820302052203E3E2F466F6E743C3C2F4631203520302052202F4632203920302052203E3E2F50726F635365745B2F5044462F546578742F496D616765422F496D616765432F496D616765495D3E3E2F537472756374506172656E747320312F546162732F532F547970652F506167653E3E0A656E646F626A0A31332030206F626A0A3C3C2F46696C7465722F466C6174654465636F64652F4C656E67746820313031323E3E73747265616D0A789C9557DB6EDB38107D37E07FE0A304AC29F126914051A049D374171BA08B78FB12F4415118478063676D6617F9FB0E47B663794D7B0AC38625CD1C1E0ECF5C547C5A85EEB16903FBF0A1F81442D33EF90776574C972F3F8AE9DB8B2FBE35B36ED1846EB9286E5FEF43BCF5D5370F7EF5F123BBF87CC92EA6E351F14530C75DC5A68FE39160257C045315AB4AC58564D36730B9BEADD96C3D1E956C86577673753D1EDD652CFFC1A67F8C475700F6CF78F4D778C4AE6E2E59916077B10C61F99C26F865B90C0704257303765254BCAC99AAB9457E430EB83A2BBEC5756F2E7FFFCCCAE2CF663163995F4CAE2FF2735BDF801B27B8D5147891823F44B4253724444945AC1C9715055151114DCD1D29A89A8AA82B5E53000D155019AE2505B1A2224ACD05E9606A2AA290DC920EC652114BC10DE9601C1151BB922B92BE93F97388583B5E924E465073465735AF6959484D1A6D2AAE691BA7668DD6860B4382A4A68D568A5B52DE086AE26829B97124486AE66821B81224C864EA60793F2CC202C459421B72F0648BFFF7ED4D3E1116D699C8EC7BB7CE55D62DF389CE167B0B0F486AC19D1B829C2699CCC6A39DC2696EA566CADAF7A39A024593ADF289CA9A45AEB3C8F231B71910DDDC7ECE85CBBA455E67B3BCEA37F3B58B7F9FE0EB57D10E6F5EC59F8778F90A0FDA26FA86B861051BDE380E91F156C362486E5FE1495C3B345DB46EEEF3499DCD3D8B763D47F44332EF08F88397FF2562AAA0E90A3BDCF3E9989EAD47306BA8BA264A539E6CE6715E194E31AAD25CD190CFD6A408674A5E93B42493F5E8B8E06DC52D6855415CD531C1C7BFA09BF54653E7940F05490CD14EB34D96BAA3CA8749C695A07C09D5B97E678BD2438A7B527C8972DAD20585FB9DD07649F05BB44697B042C76DE6A0FC11B0ED00A7CAE6E063B306B3E42DDFC606D1FCDAF7F7DBA72D015C20F8456EFA98FD0B971E49C5948A6CFA5BE8861629D56B1547B7BDFDB20914A8D25A68C9ED5D16DE528E467031F02BD1E1F4619C6D12AE828105F84015D65B718727D84A1330C33DE475DD477E93CD52ED6D73573B6218C22BF8F511C4D08466EE63FC434A5BA5C1D2BCBFF63A690B0234435B96B28DBDC40D6D51080FBB9288BCB6A56CCD02564C247DBFDB2ABC5CECAA2C3AE1A36E3EEFC0172DE2B9A7082B182E61FE4D12FEFF599DEDBE4242AB841840D8E4B672044C87638A3FD22B7AB378BABE5BEDFCA2311AB6905BA988BAD89D072B4F52B671383860E9DB5D3B88317B6F185D8B2AEB55359FA720A14A548AB8BCC57167608B07E7BB98BDB3D47195FD71EDBB9D3EAEB3930D1479E91477B4B27962AA39D68D62486A1AF2D917830807D371499A3B25A50B4BA3B8223575F56BAFD4111B66B18A74448AD287A582979764207F02B21FAE5F0A656E6473747265616D0A656E646F626A0A31342030206F626A0A3C3C2F436F6E74656E747320313520302052202F47726F75703C3C2F43532F4465766963655247422F532F5472616E73706172656E63792F547970652F47726F75703E3E2F4D65646961426F785B2030203020343332203634385D2F506172656E7420313739393120302052202F5265736F75726365733C3C2F4578744753746174653C3C2F475337203720302052202F475338203820302052203E3E2F466F6E743C3C2F4631203520302052202F4632203920302052203E3E2F50726F635365745B2F5044462F546578742F496D616765422F496D616765432F496D616765495D3E3E2F537472756374506172656E747320322F546162732F532F547970652F506167653E3E0A656E646F626A0A31352030206F626A0A3C3C2F46696C7465722F466C6174654465636F64652F4C656E67746820323131353E3E73747265616D0A789CB55B5B6FDBC6127E37E0FFB06F472CE0D5DE2F4051C04E9CB4078D4F52ABE8839B07C5965D018E95DACA43FFFDD91BC55D92BB24CD0A06644B1C7D333B3BF3CDEC905E9E3FEFB7F7EBDB3DF8F1C7E5F97EBFBEFD6B73076E96ABDDB7CFCBD53FDF36CB8FEB87EDD37ABFDD3D2DAFBF7FD9DB8F7EDEACEF36CF3FFD042EDEBE0117ABD393E53B0C34D402ACEE4F4F3040E607032A8040146202565F8DC8FB6B091E5E4E4F107870EF5478F7FEF4E46601AACF60F5DFD3934B03F6F7E9C9A7D31370F9E10D5866ACBBD8EDF7BBAF7903DFED76FB968104E8C43A82054412500995B32FB5C16907CB8F56EF8737BFBC0568F9EBFAE9012C364F67EF2FAA36727BE99860C815E01A434902FCF5AA128BDFDF5E5ED9DFFFB9061FAB33BAB8ACD8E2B7EBFFD93FAFCE7F8D2DB0D8075BA98018A770BF54E62BEFEC17CDB70DC887EA8CA0C5F9CA7C6C2FB90FAF32781423C8598A575C3DCEAFBE7FE3B94250881CB4D96166AE1B075102B1049813B30B8C43C5C0F3E6F4E48F1FC093118D0C207D06A430CAC3E00E4EBC72A6CDBE98950B13972C98F7EE7BA5168F8FE06A6DBDF9B5C27AB1892CFEE42272AA22EB5AD4520452D44F8D37B0A650D2DA1D0411C88AEEA01977C438CAE1505D34136B0D112E9A39079663A8FAA26026ACD90CDE97B59153636FB1E020C73CE6BBCCEC8B541011802061FEC52ABCFF61CC651B06FE72088344C0AE89E908806AADBB2276D95EC42E9BC854829A842A210C5D0F8BF07E75571AAFC6461E041C442AE3749404D24C66CAD0A91E91C9BC98C916064F49642C21F211E676D7F2A249E2BBEA8C1B0D992C1EAD44484859570938431021A54C08DEDE2CF6DBB96AA49110836AFE99ABC65032237D2EEB66E6546402758F9F6E166F4C795B3FDBCDB89BAB035B7A50C7B01E2306750FF09F0B1B4A2E9EEC3AFEAC662B0A5D4147D3D2F4026AB17E79A9F8E29BF5D6CEBE3C5BCDFBD94AB982941EC56F0241C57B90AF8CF9620167E34B0E051EB6BC5B4703190DD75151AEA3DED409856984935F0B8D3894EA28D04C33C847F837769C0CBEAA2B0D3604D0944B64505B15D34B4415339639D4A31AE650D2DA52AE5D705251DD8C857CD92AE2789BBD97F2C5F1703D531B4BD7D3D2481585BC2E8D96C608CF84A32AD6C618C7F32111E5EAC824825AB509F9BB397F386E712FA64AB22CCB4C5029B5AB015D95399E99806DEA0B137DD8E715C6BED8DF1D1873636874B6468CB9D9DDC1C574A927E8F0D453DC6C5DE69E08C8A471D9D890C7235CFF7A70AEA190C70267CA8A1E09DC1CF1CDE1F948E0C4243E3D163836C45C62E659E0885AFE3C0E3835C75F5DDAD0BE9A8251525498E2F6F058171547B3695109124D5149640E3C5EC3D4C5A023E56AA6936A8A4A22E4F9BE88E36D0E9E7236477E8ACC6924DCD75B42565159222D2D446188545C5A64866D70EF0827059A545BA8509025F1639A58BDD8B86EDF0D51D6B6B2F8F202CE2B3D9EA727188389B40CDB356690A883EB22A2CEBA2E377C8A91A6A5C790B9B3C0B9E1BB7164FA0A70D3E8E87164FA0A70CA6CC37F247042ED39E848E09840348EA95F018E1094C78A16A2B4A5A5894C4D13A6B68C4579DCFE9316530789A4FD277DD4E861A2B69DB4993A4825ED3FE9106801C7DB1C3C5560EA4622C7D465891653D7CB2F9E47312BB334E576CFC68FC78830E99A84CE658E73474373EE26DB5DE8B3F9D0CA9D21BAD0BE9E6C1F676B90C29D24BA1A72A79409D0C6F85E974F3BA48C57883186820CAFA5A7F685042A0F47706E54DBA03806193D6818E3F5576373533B4656BDC9D8CC1042A92EF572A448389228372C2B74B341A2DCCD3630A56E364815BAD9019C60B377547E46D20864862445819420B152B6B3683892E70ECE581649D201C5F9238648126BA892D0595567982F368F9B6F762EFB5725FC40F6C9FCB101EEC66A98709E11130AE6C58F8A7FB3FDEECBF6CE7EE2FADEDB8DFD383B381E6F2936A76FA27B2C1D4CF5E0D626DBF36ECD4D9F62A4386BF2D686B419B2760E3652F52DC07F1D1B6B094B8D626FB6EB34DB4D272B6531DBBDC440B61F608AD9EEA54AD95EC6F1367B3F1D925D74B2FD2070C86591667B51A095ED8CD8B9C9881BFFBD0F5EA43864424784256DCDD13FEC6C927FB109BE7DDCB8747627D934ED73293C5A3F46DC4EE7BAFA739DC71468930C3DC8FD2CB5BD376771F77E6DE84DFA1B4E8FDBDBF517FBEE7193A7ABF10629138A7878AD3D74E5E362B83921B979460C442614F9311BF36A6C418A7758E640730C0999C85684246C65F35614276D41A2CC560D4C89AD825481AD067082CDDE51F9DEA411C8F4264581165B994A46EBDE845048542E2A730FE64438B517DB387D6445244CFAE5EBDB032BB997DC8168B422694A1DEA51349CA8DE253E518B2EC91D6963A03AE04BA6D601DF36D5DED2DA1D868E8ECDEC1DAEBD9D44324F74D7B75BD38FF1D08F754F5E534D21D23D3B38D66B893B789A7A2608B92A8D4E82447974D2C094462741AA303A19C009363B3739931B27C5C6D4D71D462AE29414AEA779A71864F574DBB4305CE7622C771FBF03831DCE609380987DEEA93DDB762777176A0FF52DD4B5093A199E1974270377F9BE5221F0F6DFEBC177EEF19DF1C6614AEC21A06BDC60B27A1D3E578B7ECC9DAC3A382641CAB68664EDD87A619B8CF5ADF59DA5B2CDA3EB519C2F9DC752FF4DCEEDA8CFF9D921DBE6EDA5A2BE0BEA696D26AF8C72232A86776186D734811AB118FB663EB693913DD86E4760C6DBD0BBB8DD431EC9B7445128688F8D9FFF0D6C616F4976B1C790B64A49DB10182AF74B5E62A05F3AC014FB252F55EA97CA38DE66EF286772E4A6E43A61D9250D0A7822236C60C9072BDCC596218D0C61435EF14205A714350581829A61896E90F43ED09150870092439A7D40AC0349B3FF7510FF8F05B3F731BB0F43FFDDC4F2FF019631C44B0A656E6473747265616D0A656E646F626A0A31362030206F626A0A3C3C2F436F6E74656E747320313720302052202F47726F75703C3C2F43532F4465766963655247422F532F5472616E73706172656E63792F547970652F47726F75703E3E2F4D65646961426F785B2030203020343332203634385D2F506172656E7420313739393120302052202F5265736F75726365733C3C2F4578744753746174653C3C2F475338203820302052203E3E2F466F6E743C3C2F4631203520302052202F4632203920302052202F463320313820302052203E3E2F50726F635365745B2F5044462F546578742F496D616765422F496D616765432F496D616765495D3E3E2F537472756374506172656E747320332F546162732F532F547970652F506167653E3E0A656E646F626A0A31372030206F626A0A3C3C2F46696C7465722F466C6174654465636F64652F4C656E67746820343033333E3E73747265616D0A789CED9D5B6F1B3716C7DF0DF83BCC5BA5053C1A5EE6B60804C876E2BA489C6CEC04E8A67D5065C5D1AE62BBF62440BFFDF29043CDA13C8773E4C45D14688B5AB73F79CE903F1E5E673A99DD35AB8FF345933C7B369935CD7CF16979997C985CDCDCFE3AB9F8E376397933BF5A5DCF9BD5CDF5E4FCCB6F0D7CF5E3727EB9BC9B4E93C3E3A3E4F0627F6FF24224755A17C9C5C7FD3D9164E65F91A8222932950A995C7CDEDFCB922BA33B39AF92AB7BF874B2BFF761948C7F4D2E7EDADF7B6EF2F87D7FEF5FFB7BC9F35747C98470EAF0A6696E3ED37EBDB8B96902BFBC2B52E8B45089AA5259596F3E8C56C874282D53550752C2CB64F206FC7B75747A9C649397F3EBAB64B4BC3E38391C0725237B4B26AF455ACAD6C0D1EBF1413E3ABB18ABD1F3B18637FDBE55792AA50ED326845615559A87D237E303399A9D8C0B6385485417505FA401E2EA0575F5F882AB2CCDF590D3AD7D4A6B2182CC4AB8385564A0CEA078EF96FB7B1FFF417A28E9FA3156FBEAA7D469DD811BBAF1207B15CBBEB7FA0B93BDBB42E37FA6954A2E161F46A72951305AA45515A6B209B60BB217B742A51960D3A5FE307A7F7A6E483B35C419F60C72C9F8408D6667C70990F86A7C206AFBE379A87A60ADE7EA84014F8BD01A8321CD6128579E8BA0D4E862330DA6D061BADDCBAD4BFD61747E619ACFBBE3E767F0FAC379F206CA0D1AEDDBF3D7F0F66CF63281F23A7B019F6CA9BD35C529B3D18C6AD5529920294233BB15B9CC455AE7610E8C22CF3945AE652AFA8A9C2EF32A2DA0D470C2DDCBBC4B3D1C1EFB3114D204CB30232AEC0813F333B97DADEE4AD33FE11F3284D7A9601464173D551A5619DDCDF9484B150F814CC141466569D9816C9AC17B92157381990E53EC84094E383B9A1DFBD6D845B0231BD98E662F9F8FCBD1D9F1EC2D0B1ED3BF6422EED7465BC9342FB1F629E08923826D0F2022D2AC0A2F4C0C204215028148C94144D4A9EA0A2BAB4CE7066ED3A0E4C6071DA6DB3DA874A94D203FFA7113A1ED9F97069B0446488E9DD9E959023C49C4D299ED342F20DACF2E4E4D07F0FEB9F9D626B2FDC2CC06FD17AC905D481866062E5195264D8F2ACB504B15942C4D6DD5DB05BC138D71D4066B601B35ECB51C408D2A0D02B58A835A56E2510FD4F45034C22976E20B27A4F90A50319FED972FDB71D639AF7383C1958A7BDA69CB54E758FB749D5B1C1DEC010B1D7C797A001DAA2808746A063ADA645D143B4C83C85920CE142671C526F49A814D0AF59FC5475341AA5D980C12DA1806C3A8B7764475FCEEC844B17C97B1BD192E942AEE4DA72D535963EDD30FAAA2FC059EC4F9AB0A33D4DD76BDB069C40088712B14399C19B42ECD44B56F4D02EB7CB5636D4719D5D597B9A38C63A1CE1E5A385F7C3231ED06ECD83FEBC4BC94A38FE3CA45B72313DDEC0F9FC7A62BBD85775F4C82667907E8B9A8B8582DAF0D8C8B2504C67BAA7BCBAA54289EA3D2CC00AA40FBBD008C6386EDB1300B1D646216B54261462E8360CCCCC8A4645286A41D645427EF2163E4EF1943D257ABFB7B83C7EA0688B936F0586AE6D786AC4B306D3FBE5FDD9BE8B6A5B1E06D506C3E9979C03201C51350ABE8CA16B633E15CBD1295D174CA38B6711851262C1603A34C1463362812C915334C622E608CCC43116B3B16D5008B1C0B1E46AC3D0450E60BA8746068B9369C14A33BF8DCC3DCCE20D9AF7E19C1DB1F6DCED71E544877E759FB65BC11BF191FD4EE072BBBF2B2B931593ABB4BAA1AB31CD6005865A132188F606D0C4E2A93DCC6AEC02087656C940573E82593E6A8150A67CEEAA5D619ACF3F170C6DA0E67CA778F33C782C7196B4F0C7B6A0438E6A3F93A71AB28C6DEA5476E3187EF1A88ACCAC2D8AA4E2C9DF3F57DB215895FFF063FFCC74C9DB3D172E1127F35ED6149F6EC799D9639EF12A42925A9B0F6313D7B1C369C370BB6D09916B67C00B6A8150A36CEBAAD96150C7E78B0616D071BE5BB878D63C1C386B59C5095B819B37967C1BBF3D8ADAE4DEF7DE57BF6D75F4CC46C16964197EEDE54AB915AFFFFFEB3F943912E005456452AC34A5E855A3ADF025A5027C5AD33B1FF44DA92ACB69332DA5248FC0E6D89B3A0AD4599E639B32D616DD7968A81B6C4B1E0DB12D6CEC642B80185FDB35E2DE63648E7B6B5DC8F7B8723E7368AC3C7E6DE04EDFF42BB5AAFA9C02C6A911635CF45519BA14489B5D1C04C85776DCAB20C2DF2C33A2FBC630F59E13DBC2487A41C583A8F5BA190E42CA0EBAC8025611E9258DB21590E20C9B1E091C45A7678DF12028FAB35354815105314CF2B61AAB82EB1F6C9569EE29061075890851EB7900D8D21A25628C8384BE7AAD669CD9C7F05DA0EB22A0E19CB420B59A0BD3003CB7CF4C758542EF039A2C230C701910C7AA54EB39CE79F284D2B5758FBFD71236752356C5C076E0E621938CAC172EBCA5A2CA92EADC5326E85C292B32CAF2A9596CC7954A0EDB0AC07B0E458F058622D3BF6BD35FDEEF277584480D9D5EA0E9C5A5AD112E6510DDD192B086D2C07455D42C78DB4DF97CB3864D82A0BB2D04D2664512BD45930CE368D2A65AA99F3A7408B17DBCD3B6A5FA7CAD2A2D03C339E34ACE504C0CDB253B06844C7BC3C874D45964BC2049EAAC6DA27DDDC89A3869D60A1167ADDA2468D873C6A512B146A9C7D1D988609E6F422D06EA1460D463D6A1C331E35AC3DB1AB94F34B1FADF00CC372F6F860266DC7C971CC07B34EDB031C359F90993DD28BED3C198CD841168CE115B530521D9487316A858291B3FBA3B469D8CC8945A0DD8291DA04F23072CC7818B1D64E78DD6AA45D6C749CAD167635F267B45AE466BACDBCF962C2213DCCAB6C77CAF14654799AD558FB04212FCE1636CD622BF495C956D40AC516673F47A92ACDB9F309ACDD628BDAD4F16C71CC78B6B096E82F6DCFBAF9CD52D72E43527D6366E70E1C3744AED32AD07E67A8A8BA96555A56A18FBBB1883D66B1185EA2635151C323CF62D40AC522673346497B3AE561ED50997216DD95C86154E43295DCB33D41AA5DCEF6040963A75FCF7F3EBF30C0763FD9E0E84FFB9FB43F9DC161C6B7B1F3EB6AC773E9E0A01AB8C070D31B49BF61D73BC885056768B6857360752F6E85E288B3E0AC329D16DC192ED64A1428E3335C8E051F23B1361623ED38F0CAFC59C1B27263C781DD60915EAB5325CF1F619CCF04D63ED1A4230E1736CF822BF4970957D40A051767E958C25D02CC992D4BDB62126865D863479114224B4515B73579A17A4E234A017B5238E1B32C93C5549B975C4E0F7278ADA605BCE4D30305AFC5145E749565999A1E8052E536017CA567EEED9115DA6C4A9756C2D7DA7DB63FFBEC85CD1EF202892ADA8C0A972C6F33B6C9B4FBAE682DF8EC7C5A5D4F2BEC78EBB1FFD96671382DB7BC974656B6CEE9C22531B2C25FD10B97232E83C3C2197245E1F397907F35E5847505F7C605F5B559E95A76E757DA1301545BAAE00C0859E914E19C756B59491880F108E7683DE11CAD87126B8F576E77CE9E4BB3AB80F3BE1D909D56A86556C37424EA536FAB9142A5224C686A7F76D8FD278423E2EFD7FFFB2BA735DA5E89C566DB21212DBF430A12B13B24CE7ABEBD6585B9E4C0D2FAE68AB57D1D12B546E13B248E2DDFDCB1F6F163A402ED5CADE70DACE4DA5F6C269FA948A0ECED412C77DBAD75A4FD962154749C14D8E08C93B69C626219B54260A9383B0070204D33572B585A8F25D6F661492D6F782C39B63C9658DB73C8EF040E50AD2E01CCE57A05FC2DEF137B726FF9D19F3875DDBA3B30DD7C19D7EDBA5BBBB2ABD1127087353AD81A321CDD97183CBB450F2504B30E5A3459D296CA4E8BA81CB8912D48C4A692B35920B569ECCCA9214BEBA9C4DA3E2AA9A3A79E4A8E2D4F25D69EFAA37DDBC10E464928304E8EEDDBC597713B8472042627E0DCEAEBB8DD6CB080B9CDB19BCD6154BB68BC5E27C06FD9CBAF4BF1C9F3B8A11386649FA8BAD6125637C82BA7AA99B30C2F55017B71BC6AE6687D3573B4BE9AB016DAAC1B966E8EAF6F4E97BD8683EB103E2A7CB2A7ABCBC6461B7FA01D0AB9696E7DB3FFE764B2808CAB30E34DBDB7F9A690AFFFD1D6BFA5D2BEB3BBA0BF8CA96A5270EF70FCCA7B07CACAA4D061553CFB6E0364FEC08E53633E56755A14ABA8FEC4C72A9C881DAB38EBFD52E669C19D8771B41E62ACED8B55D489291FAB38B67C23C05AD6E02DDC838733CC76220C91C4EE9E427AD74CB68ECCBB6E9118B7E50A1E60147873406A0BD8C009B490F7A6B7B57F560BE8FBD710106D237ACC8901A54AA08C559EB0945F05DAFE9167BCE3C6A95963CAD05CDB22066E01895BA15A0467D7019E43A5B8531D8ED6B708ACED6B11D4391ADF2238B67C8BC0DA47B4881FA033B63D3240E6B6D31AF3E5C0E03081DE231FFD6CC7AD0B7BA39EEBC81F04FEFE558FCA3E22073BBFB5EAD1FDC70ACE5AD85EA5CBAF17E708CDBA0853B3700ECDB5380F1C108D5BA170E6EC77C94C5927583873B41E67ACEDC3993AABE371E6D8F23863ED2370EED6F0DCCC0A1D84813C56CD9283F5BFC76D048E92BD29FA4CC25D78C875D62C9ECAAD847DF33037168CA179268C512B148C9C4D33B84FA164DE1ECFD2B63006DA3E18A933CE2D8C2C5B2D8C81D60E1D2C3EF9372D294DB819D9A07CD91D72A0C617B54ECBD0D5CD8D81D4DEEE76490CF31A8735C88A03EB966D1EAC712B14AC9C4D38014F3864B2CA907A5491B48F54EAE48F279561C9838AA4C7779BA3A7DD9D48E18D7A8F3A97DADF8F67792A736CFF41373E25B0D539DC6B194BF997DD06E10C584CC351AC2AF62D6623DDA1C1A034ECF6C2D9D283630272E891A7BEC170B4BEC5606DFFA675E410B710F040569E41DF70B0F69B370A3619F8053477F8F6C1E2993B0CB95E19F9EDE6D2FE9A7FA86E41C053775835E1F9C65A7A8DC43E892AD00EDC9340FA40F1CFD9231339E3495F9E7F8ED6F38FB524FFF4C90DC73FC7A0E71F6B2DE35F3DE36197B1B538F2EE167625EC6703F675BB346B7F3A9E37F6D8EFE4143E719692CF9B7639646B29D84E4DBB51BD1BD007AB91F33539A3CB6046471605F5D45BCE4E94D0C473C8FA2A9FA3F595CFD1FA7AC3DAADBA899EC9B675BCD82CAADF6D54BCEEDECC5DCD40115B8FF4DA7F4E4F2A4D3BCFB14BCC2DD4C85A4058C0CC116DE840DB410F05A7A8150A52CEC6945079AAB8D32F8ED6438AB56484A2B7F25D848A198C9D2DC309E18C949E0AF1CC1DEFD2BA3D6C55A2635ED95494FE7857E1CE56299CAED5E6F5D49F02CBB78EABB567B49E7010CA415CBB66D75DFD531C13282DB6811116F8A1572DF803B76FC5AD50E073B6EA84D4297343164B3B94079E97C6C9DFB71524DDECABB69BF1B7DD5E7EE33AC3825AD27A07FB79AB667264FA6397C2DEFBD57ED33360250FA668386CC2B90038C302C06DA4DF76B237BA89808DB0780B9C62E216B341D1C6D95383C79A57DC891047EBD1C15ACC26F3F42ECB960FAA58DBC246A550B59DEEB372D7724BFB673CC53D8E1AF685C55AE83C13B6A8158A36CE7E95C8C4F0FFB4C3D3C6D17ADAB0B68FB681A3792C5B9E36AC7543553B1C851066A706F0663D6F5C90DB4CAB83C097BCBBB66BF954F492D2063A8E57B0B9A815D6F2282517630B78024460FA1B78C55EB1780D2F83C96BD40AE2D5BDFD1F00079D690A656E6473747265616D0A656E646F626A0A31382030206F626A0A3C3C2F42617365466F6E742F54696D65732332304E6577233230526F6D616E2F44657363656E64616E74466F6E747320313920302052202F456E636F64696E672F4964656E746974792D482F537562747970652F54797065302F546F556E69636F646520313737343720302052202F547970652F466F6E743E3E0A656E646F626A0A31392030206F626A0A5B203230203020525D0A656E646F626A0A32302030206F626A0A3C3C2F42617365466F6E742F54696D65732332304E6577233230526F6D616E2F43494453797374656D496E666F20323120302052202F434944546F4749444D61702F4964656E746974792F445720313030302F466F6E7444657363726970746F7220323220302052202F537562747970652F434944466F6E7454797065322F547970652F466F6E742F5720313737343920302052203E3E0A656E646F626A0A32312030206F626A0A3C3C2F4F72646572696E67284964656E74697479292F52656769737472792841646F6265292F537570706C656D656E7420303E3E0A656E646F626A0A32322030206F626A0A3C3C2F417363656E74203839312F4176675769647468203430312F436170486569676874203639332F44657363656E74202D3231362F466C6167732033322F466F6E7442426F785B202D353638202D3231362032303436203639335D2F466F6E7446696C653220313737343820302052202F466F6E744E616D652F54696D65732332304E6577233230526F6D616E2F466F6E74576569676874203430302F4974616C6963416E676C6520302F4C656164696E672034322F4D6178576964746820323631342F5374656D562034302F547970652F466F6E7444657363726970746F722F58486569676874203235303E3E0A656E646F626A0A32332030206F626A0A3C3C2F436F6E74656E747320323420302052202F47726F75703C3C2F43532F4465766963655247422F532F5472616E73706172656E63792F547970652F47726F75703E3E2F4D65646961426F785B2030203020343332203634385D2F506172656E7420313739393120302052202F5265736F75726365733C3C2F4578744753746174653C3C2F475337203720302052202F475338203820302052203E3E2F466F6E743C3C2F4631203520302052202F4632203920302052202F463320313820302052202F463420323520302052203E3E2F50726F635365745B2F5044462F546578742F496D616765422F496D616765432F496D616765495D3E3E2F537472756374506172656E747320342F546162732F532F547970652F506167653E3E0A656E646F626A0A32342030206F626A0A3C3C2F46696C7465722F466C6174654465636F64652F4C656E67746820343439353E3E73747265616D0A789CED9DEB6FDB4612C0BF1BF0FFC06F271D608AFBE00B080C248E93E69A346DEC1438A4FDA0D88AA39E63BBB6DC6BFEFBDBD907392B719623CB450F774D515B8FE1CE2CF9DBD9999D253D7B7ABB5A7E9A9FADB2274F664F57ABF9D9E7C579F661767A7DF3F3ECF4EBCD62F6FDFC6279355F2DAFAF6627F71F57F0D1378BF9F9E2F6F0307BF6FC287B76BABF377B21B2366FABECF4D3FE9EC80AF39FC854955585CA85CC4EBF18919727757671B7BF576417F65DE3DFBDDCDFFB30C9A63F67A7FFD8DF3B368DFDBABFF7C3FE5E76FCE6289B11D63DBB5EADAEBFD006BEB8BE5E4506069BA450B932A635B96CAC59D941911745D39877671F26CB25B2233EAEC91B858F2BEC0184DDD9EC7BB0F8CDD1ABE759317B3DBFBAC8268BAB8397CFA6D149938327AD6C455EBB93F66172F4767A504EBE3B9DAAC9F154C38B61039B329752C7C76684ACAA9ABC8C45BF9F1EC8C9D397D3CA68210E6A2BB894A402A2F782EA3DEE7053E4A51E33DAEBA7642D56D0580D9D535501D2059CDEDBC5FEDEA7BF93164AFAFA18AD43D7A7D6796B2DB03A6333369A57A9E6072F7F55E6453572362A951770B9B1AC045272B8908A38AA2EF36AFD284A435B6C6A3886C67F3790CCBF4C453D595E4DEB090C3C507C653ECEE0FB93AF53594CEE0CB0ABC517A27151CB5C289E21C2585D082C6B2E6BA1ECF0CB1FF31F395ADA7C4DFDC6D08FE49B2A2FF4BABD953D4635237427B510006BCE102B555E374CA838B2010F2C8B010CAF0475558519A00D4F9790222FD7649FDF4FCBC9EDF4406D0268DF7D9A36EE5D9A59C2DB4BE3385A9E715296B95658761D4FEA406D3C59192B79746AB1552C6AE36E30A94D6A21A82D39D46A697C390F5A86686016890E212B479065680AC422D167D30303DE2D68B1D85A102F02B380ABFDD87269486D77A1B7B2F432EC944AC6A20CD74A3565582864A475076E91412C6CA30E30A94DE920A0AD38D02A61423126B51CD9802D961DE2969AF503B71C5D015C2CFBD280A927F373007891C16B132DB68E540BE42A7B3A6D27BF194A1796EFF98589549D24271890AA86989C659FD4E6C4D5587684D8115AB1CE1D70C5E6B0788DED67029BD442105B738815260E1D8BBF03B11CD9402C961D22568F10CBD11588C5B247863F8BE7BD61D2BA552070719799A84177EE970A37DB5CA9B8BDCE4DAF3E4FC318783DF54300E28E4EE0C7F9D9604CF2D3644DDDEC85DE8CFE6555E5B588757F6B2CBE77B386EB867D032F5CB40DEF165FE6D383C67E3887F7F69BA370E08A4A6A95AEF33A714909A49AAD339AA2C92B6E46C3910D7CA564074F7080051F6853DFB9BB5AE6C72F73B8BAF6E5C5469303FD13A549AADAB8C99FA60041B8F0E6E5B72747265CB56ED37C4780D7AA5C96B8A107E439097757C9D8C887BABB3A3691E5EEE23E3977A78B117797D442B0D932DC9D6ECD7CC3CC8558B21EC74876C8DD956977C7D2E5098E649F4E85989CCD01B473E70E6CAC7896C12727ABF9EA7E0ACE8168B069F2B2662A6F655E9558F6711135337264C7431115B1891C44D7FAE411A5B2578F685A0BB522462E0862468D558289284334108A448700AD46006568023E452469BDDEE2CACC46F3CBD5D7A968E8634D1EA9E383212FBAEE7226EB51614EB51FADB239C9740DAE1437B45A2DE0C0F32E68DD98D3D72FDC40AF6A9D37215A5CFC0E3D1A5E07B327F3FFFE0731740A65A690E854924353EAF8ACF7DE2623FE91835CE7D57A4BA363DC1CD3C407B1C73867D95B9B013CBAEC1D063947368C722C3B34CCEB9161CED1E54704163D9D1E88D2A780760563787D182DCF31865C2973A950583F0747E246F1B94D4B57DD42E08232D5CC084D899B7ACC05648A1E5541B2162965CD43B1959E516A492ACC43492D14A364E10333AA8BBC5D5F1ADA66E499E8A2D53A6EC736320466D3252F433F58D58777B0F470774F06301A82756C4D54FFBB5C5161922C745E9403FDE09C69B20684CFB46CF3AA7E84338DDB21CF749B3CD3F624DA44F6332CEAD857FF32AFE289739B75F6B5ABD3D8339DB0E07FF10735EECB5CAE5FFDD1615F421D9A8FCCF6FF08CD50FB84C86A0332CE30E014AAB46872D53227452CDB534EAD2AF9EA274B43984AB1ECFB2B43EC72951DC3BC03A4BB3CEBC6ADB15CC320211795A04252F3548BD2241591EC43A72BCA95D5760F4464CC0326382D20F7A15A496767B86FAC59313E197E78500BDE61564C6AA120E5D4A57451E7829B9E7164036E581603CDACA6B2748515042CBB0BDAC67F29C5546DFA2922D987A03DB280800D79483B1E516C230BD1B8534C44935A284439552898221AC5439425EB118D6487101DA99EB274794423591B3A5CD835ED6A72E9220B6D238B6E2DBCCF0DECDB5780AD4D442CC797C074E3562256F8783A2B89F0AA3494EB239B7618364A1AE7C43B1B4A29C840912C356A924447C773885E53C8233AAD85229A53A5821CBE64EE0660C906A2B1EC10D123755596AE40349675F9B25BCA9A5F5A0ABF8364D622FBD12EE4DE763013C136066E61D00F7BB016B691C5DDCA3441450105EC5B892C22931F88FA6A5E4F656DC02EB1ECC3F714F81823D2CBC61D1BC0C23DB6D8E34EADD907DC935A28DCC90A1AC6DD4469B266E2CE910DB863D921DC478AB22C5D01772C6BAB149654E78E97671BE9A15D2AEEB7C19C2DBA924657C875C5D78165E11D7CB16CA5C59BD3331F652059660893861537C78235D6CF8435A985829553525395807D443C58B16C0F2065BBCFDA581A02E258F62854FC1776038B2104FCAEA7C9460C103F0050A4AB14A5808C8C658228352C3622D9DD171B4750C466ED8020B6988560DC452682492DD40E6D4EC54C9505EC9DE021C8910D3061598C2B332763E90AFE12CBF2FD25959819FD75DCE6F66ED55A4117CF8676DA50B4EA5CAF5DA6C5DDECC8B4B6E3F0545565E363CE89F6ACB3443DE6BD2CC29C2AA104CCF1416CCC394523A55A08DB789863D91E5DAACA1B3C2D4743181C5836B90DE1959B802B13A65E8482CD72F5952CD954D68B724C81F24E5B63D93FE8FE8031078A0D603950DC3B2AEA52ADC88B26961D838F3A6B14779C4210E4AB82CB1D473610846531A35CF7CAD115DC2B96ED3C57584258FC0A0E08FC985D22705EB25B5B88F3AF1F9D23866588C81D3EE2105045039BF358FD5342C15629243B3604D224E3765824C78A9D8F2C47F677A5B550AC724A694A58EFC16315CBF6FC51432CF8488E864038967D7FF2C6CEB46F161D0C761DAA9F70D772A0F53D88BDD72BA11E1935EEE64C8B9C4BFFC9655809FB6C589D106D0D155324FBB8DE350D22D6CA021177890E459D4BC5B2231BBDC8534561CA2975A9A2849D773C4CB16C8F29B5633C60CAD11030C5B227ABFB69EB5D985D2F85B4BAB469F5D9E7B00B03BC1EBA1F00335BB15994C68DB78267A914A55D5AEA65F92C8EE45058FD0EBC62CB58BCC65DF18E7364B7475A0B4524A7AE0531BA64A6F12C59CF56248BE9654EF22C5D7E928F6411C77EE76198A43F76698E45D6DDDDE2D64ECF3E77AB4734B502C063D9258584157124BB85074D631BE9E7B3EA5655D70E2685AB5C539A928321EA306730AC9D21DE60486BA10603A782261B05F71DF3060347360C062C3B3418462A682C5D613060D93FC0A95B411B02DBA1D3DD13E342E0CBEC1BF8747961BEFFDCDD1DD61730BA2508273E56313339759BE83E75AD39B525598BBC6666372CD970AD39B2E15A61D92E57B0B7CE2DED95EBCE4F7F4F91790B75517BA9EC0F7B9C7DE5AA4BE4DD26B09FADAE7906CAA25E93DD3506249D8DCADBD826E6CC1BD9C672367167BCB319296EA6B5500072AA3DB22A72CD4C5922D9DE81B4E95890D4B069703B6063001AB7F2F6DF53E9F6E3BB910DACC2385FDE805B18489B373CD09DF9F137988EEDD7CF9777FE1E37D75E54A59F65EF1620BEB0BEC27A22EBB58692A65F0CFB85DFB7B89AF91545EB81EE1683BB05462FA22A12E744B7B0D08AB704FC06B71474E704927C59B88E76EAD16AC0E565EA722831A05A98EB60129248B5EFEF3D6CBCBCCC3A47D09F969BBEA60C3762B47FF60D02FFED3F5217450E8EE31A9E83105D94E448536AB015EBD0F88DE8A146BC97EB5B21BCDC6673E55073DEFFE1E6B8FE4F8560EBD3F2E0C52BCAFFA97638FFDB6CAE5EBBE3B4818EE23B32C3B0A49AA4ECDCFABE56291BB81DCE69E8F75653EB5EBA718E181FB579D7EAC033A182DFC707BEFFEED58FC7C6D5BC3B7965DCD8A9F9FF9F76C8BBE745BD7F77721C7CE3BB63E3727E304EE1FD2BF3B29ABC31DEB00D0F935293930D0B063A2B4B953735B6E091F7A402F48D8C15B0A6F1D8220F38BD98EE304E6AA1F0E0D4C1A5B07B7779D338961D7F604E98C6391AC208C0B227B0EBDE46EDF6877B12499F14C71375621623CB7EA1886837EA756BE9CB5B90F7D9B49FF38928D3045795C246EFB8B3426B58408F4E028BC356C746B0388CAD667298D4423DED89530C9745C57E8658243BFE149CC0214743E010CBBE34148400CF8729282C5C2EEEB20EAE7EEF6657A8E9C3469402BD31718E30D0C26DF7FACF0E15E2659ADA66767DFF7744BA2EA0CE13B5C7A23336C0D339B25523AD85A29353C386BBB0B80F238B64C79F75E3E94C6A98BD509B339C47151FF8A428E48BC3D6FCD2BA284A71A8E1E5D3C3CAFC2A1BFB0BBE309FD82F9AA228D4E101BC5695797F7CD8C0C747E6FF17EEFFB2B2073D7D5614421C1EC8277FFDFEEBF7D6BF19E19AD225F81D04F390DF4938997AED608E9359D3E69C4C35B2A292D6423919CE8605B82F45D02E60206F081E873A90B266EB277C0AD84E1DE643CDCD1BA2A3B6C91BA2034F8EBE8129F32DCC946FDD738C1E314FF037F8244DC55568138523596E4E41CDB65503DB5B23E563E908231C14B189ACA1804DA0B65BF9323453D68D16EABC526872CAD0A292B0AECE9B8DB1ECF86D696136E66808133096DD2A677175BBEB2E5CBCCCDE411A526E9B86C80A525D96CD5215B98E6477DE1C9106112B6281185BE67DF21865492D146A9CFA326CA46666C75874FCE6B2001AA3FDC019123DB9B11B50EDF2E9F2934945FC86ADF14CD6BBCE817DB327FF329F2D2F2F3322559EBDBD8186514D8704B231F371C9EA1BD4C6548B44D7704C5793B1861D1845CA598846C67A42479E8498D44101CAA9F90A5D40B59B4728961DBF5B2C20CAD11018C5B2A34B2E706FE412905C595037368BBF241F8AD168A8A846DADCC35516974B9B742776418892D725BF7707C93ECE3E3292C5CA46C0589DD3958697D395006EDC154F2E55850BE46E18C4419753C216D27480F934A14876FCCEAF802E47434017CBB26ECDAA26B3A3EE493E0FBE170096D460F6E6980A4FF9066FD9CBEE1A807A3F8A95EFE048B15D2C4F1A77840964520B0524A7A42DE05230D72023D91EC8917BC2581A029058F68DAD21BB2AF1DABCED5614A388607E69DD2A76A8E8019F763799A3769EBCFFA52873DD623BB6738009E6E4DAC9E62066A2DC72FD284A560978C817A9220DB2D2719F5924C727C9915C8FEC274F6BA148E65475446127131EC958B62779E49E1B9686403296ED7611747BA9EC86211B012CFD4DE56E279073A24BEB8ADD3D0B4434E03696232D7FD8ED34496EA48C6D6071131BEDB9195B824A6AA1FE7A01A70AD39A90A7604EC9916CCFCDC87D082C0D9E9B48D63DD3BD8B276FE287660050DD6336E1B9EE63776A471B6EB27904E5FACE9F3E7F1F4A9BDCA36A4D2B731B7ACE3FDA48E072B9321ED81EB9D5B32645039716F53CCD328963030971D40C07C735BD1EC791EC3BAD85C2915376699828369B188EDC6730DAB247B08922C2F37E3B52BFB9F43CA4DBF315E436656AAE4E4148CEC2755EAA7183FD96C786A0868C28EDDF826958C1DFF64ED14EC3B8F164FCD86C836AB381E948DCC86B5D2B8984315154F31AAAF672FC02693326053A1B9B9B9B5F43A2D16F16BCDA787EA19B17975F605783CBA37DF0F77A6A381AD93F5B36353CF66A7C4C09095BA628901EF88F1A8EE6A4E88A796D6A78EA85DCBCF20DB5C8D6143257A92B4F39A7C45F581BFE0B78B50C7F636EE8B986E499B67F010F1F3BD8FFC1F2AF717DB5C60743F557D48707252EBE1DB9F750E6955BFC86727059DBA2B1AD26FB66A162ECABCAF06DA16CBDB9F2DF687D78A0E0ABD2FF16EEAB23FBB2EE4BD19D16D3AC28834871288BB5AA74F1CCB504E61845A2C0071547EE4B284EEFF27FE25C700A97F0CC02EAFA931E0C1EA0191FE249A6233FFBFCCC242A14CC896ADF30CC864BB5C51F4C2C597FCECD9EA6649BFF0144DEC4E60A656E6473747265616D0A656E646F626A0A32352030206F626A0A3C3C2F42617365466F6E742F54696D65732332304E6577233230526F6D616E2C4974616C69632F456E636F64696E672F57696E416E7369456E636F64696E672F4669727374436861722033322F466F6E7444657363726970746F7220323620302052202F4C61737443686172203132322F4E616D652F46342F537562747970652F54727565547970652F547970652F466F6E742F57696474687320313737353820302052203E3E0A656E646F626A0A32362030206F626A0A3C3C2F417363656E74203839312F4176675769647468203430322F436170486569676874203639342F44657363656E74202D3231362F466C6167732033322F466F6E7442426F785B202D343938202D3231362031333333203639345D2F466F6E744E616D652F54696D65732332304E6577233230526F6D616E2C4974616C69632F466F6E74576569676874203430302F4974616C6963416E676C65202D31362E342F4C656164696E672034322F4D6178576964746820313833312F5374656D562034302F547970652F466F6E7444657363726970746F722F58486569676874203235303E3E0A656E646F626A0A32372030206F626A0A3C3C2F436F6E74656E747320323820302052202F47726F75703C3C2F43532F4465766963655247422F532F5472616E73706172656E63792F547970652F47726F75703E3E2F4D65646961426F785B2030203020343332203634385D2F506172656E7420313739393020302052202F5265736F75726365733C3C2F4578744753746174653C3C2F475337203720302052202F475338203820302052203E3E2F466F6E743C3C2F4631203520302052202F4632203920302052202F463320313820302052202F463420323520302052203E3E2F50726F635365745B2F5044462F546578742F496D616765422F496D616765432F496D616765495D3E3E2F537472756374506172656E747320352F546162732F532F547970652F506167653E3E0A656E646F626A0A32382030206F626A0A3C3C2F46696C7465722F466C6174654465636F64652F4C656E67746820343035303E3E73747265616D0A789CED9DDD73DCB611C0DF35A3FF814FED5D678E2208F06BC6A399D397AD5652549D3C4DC7C9C3E54CCBD728926B9D9DBA7F7DB120715C505C6029D9491EDA8CEF246AC15D90BF0516BB20BB37FFB859BF5BAE36D18B177BF3CD66B97A5FBF8DDEEC5DDF7FF871EFFACB877AEF7279B3BE5B6ED6F7777B8B4F3F6DE0D0AB7AF9B6FEB8BF1F1D1C1D4607D7BB3B7B2722AAE22A8FAEDFEDEE8828D1FF8948E6519EC858A4D1F52F5AE4E5A2886E1E767792E8C6FC56B6BFBDDCDD793389A63F46D77FDDDD39D627FBF7EECEDF7777A2E3F3C3688FB0EEE07EB3B9FF8536F0E4FE7EE318686D4A8588CB2292659C96C6AC6896C4495296FAB7D59BC97ABD4686380DD32416196E98981684E1D1DE25987C7E787A14257B67CBBB9B6852DFCD5E1E4C9DAB960E5EB5AC1271D15CB53793C3EFA6B36C72713D9593E3A9821F860D2CB3384D95DB362264655EC6992B7A399DA593F9CB69AEB5108DAA1CEE25A980E8BDA07A8F3B5C2671A64246B7FA2959C3159CAC80CEC93C01E9042EEFC77A77E7DD5F480B53FAFE68AD43F7A75071652C303A599741FA940C4290677192F3AFB3E25CE74CC6B93D67065CC570DB13E28AAB32CE0129DCAA7F770619CE659CB80DF58D1055E363E7A784BA228F55DE6B655A5C1817B88AA633D9707A650EBC9C1693ABF9B93E2026FA5354C641168F0C1CB8BEA2C8E242FA7BB695D5C02559AF33893496C55FEF7FA4AB56B118B826A49794799CF42F3D70A4DB942AE05A5E2D0477D9E8D14DA5713A02EC7CB4E748A12F5973FE9C0D396A348A71D4EEC48CA187A7677A143DD5E3F5B5C6F1B41DB7FB586EE9D2F38A2C03EA87084E559CE1765F154A6A12AC64AC0A4769A39194D730A6E38DF4FB425F7BC8151CEDAD2754014FF0E920382D3803B0A8E232343B5BB2B06CC7B1A046CFACE198A3A14A1E6B38D490DE83965FA67A24FD003F7DD21CEB306A3A53FA4C5AF5D9B49A2C7F9ACE8AC983A6DA1C3A59AED6B7EBCDBA7E98B642EFA665739E8F305C9B43AFEFA6D9E42D1C839365931B7D5EF3D7E55B3819A859520465552C2BD7D24D6D66826B3DE4EB33922D4B15A7D26DB92265F52050B8B2EFB555EB3B3DC5DC50A824B98EB878175C2630CA60D9B027F89D009F89E505AE6AA61B78B5107E5072FC405F8F60C067FD00CB767E9006FC80A3C1FA01963DD1375D637E6B18FBA7C64B7F8D43D9F0994DCE4DD37F694A93BE43E820A66A7E357F6864EA151CD844307B745E66FAFA87FE2008CA0A1DCDE14BDB239E6A57183A9D762CBE5D450DDF1535585ABEBD5A08BE2B06DFAA2A86639C01BE1DD98E6FE9E79BA5A1E5DB91BDA837BF4E75C4DC21F9B306AE3F9813C18A365987CD2CDD22D7006458F69B84CD9E7152C0BD756C0D8DAA8EB11CEA7ABDE351E7D7422DA3C92C02C6AECCE2AA646287653BECA82582C58EA3C16287658F969BE576FC8358A3BED31F105D10F8C822AE244F9F9095C112CB52375AC0EA23C3B2DF084B1EA3863A6C0B8B3AD7F8963A6A42B4D479B550D471B237AA5071C1840E8976CC6501E618E7B7C821D1F95488C96AB3FEAC87379891D5E4686DC6BB76A2BD8743E6C097A9281B309700A599DECDAFC7F061E2E1E5FAD61C694EBADA4EDD30E1DF41984C4596328F65C6EA42AA9238C3A22130FD8B2EACF2196C226B58683AD633C9F4E9A0C0249376184C4D9D62AEB61CD90ECD3C802647836513CBC2526ABDD263A034515E6DA24743D8E21EE0825514CCD36AB23471664DCEB27A95237876087D47AB02CB3E6DE823175109A4D61D5358A03E6EF0245271B758A8BAD781C9AA570B052B99FCC5B066692CA814501F562CDBC15A0460E568B0B062D96EB96216C41BFD599A95CFD098B958990377DDF2B9955BD4E614301C6BF2292644121715CFD45464666CED64F93C0790C4EA9F8124B68C85A4DB9516496A256091F46AA190E4940B949E914AC94412CB7648960124391A2C9258F61B66AB0CEDE618B4DBDC68868915FE1584B10F753342AFDE934CE94836D0D5BD13F938C59B5615AC1370C31749323F18FE27C4FE2C7D31F8CD4827B7C0726E8765B59345AC062A0C4E2336AB648901B39A56103DF158C5B21DAB5432CCB2CAD16059C5B200621B737EB2303501E9ABE5EDED43D41B409BBCA6A1B90B51D7CB26FEBCB2DC77F0538BF534CDE3B4C0A60C0C8F642C5AC655E67663DC285AE6C1D6AC51B4526E0F58C3A8DB65269A5E2D149A64710AA3294AB8113C34B12C4EFAEB9FA80A968EBBF25CF1D4583EB1EC889CE642135CB5B266FD6EB295CE4A085AD73180FB47484E8ECC5AA655198B125F1E5E48E1D9675128F7747E809B619873272DEBAEA92DEBD48ADAB2EE3588629D2C7035338A2AFB8558951410A0F1B78A90A503AAD40BFD49EC952AB8B55EA7D59862AFD310B61F981D39C73A4CB89A9F4550EABD3801C7F90EF0BF829D09C9640E3B77E04FE6E005ABB65B56B0E3C06BE656B64AE3DC917D4E3E8BC246F352B8F68C1CC6856B216714EF75A9259B5A90B764FBB550DC7152FAB254B032618DE28E6C8146716F80C1D2D00EE08EEC29300763EF5B3B109BC8F523E8FC42EE3B0053DDF3CC48591D4954AEAC1B809B0F3B03AC375FA61AFC2E5F66CC32EBBE07DBAA97773331B78983EAA6F0F6C3043E4DC74093398D11FA61BA0DD4BFD2889F435A14F52DE03F147F4ABBB17B89422D9A4A97A399E517AEA94CBFF06AA136C6716A0EB29071C6CC5B38B29D5F044AB95E0D832B27EB24A8A15E09A5F9BED25F59BA3FCBE03BD917157CCBF6F7723F87AF224954A9BFB3FD198827B25947A587FB33097F17464C156EAB7C5FB68DA121345087FA9FD2FF4ED049AA46BF91CDDAEFF60CAD3956343968FEDC5A6DD5C319924377D9970D2FFBFE28DF8C19CF7A6177C39EB953A8F52D7C3E966FB906B4BE45E5D5AC6F79B550BEC5A9ACC83C853D2C3CDFC2B29D6F05CAC82C0DD69DB06C53083125BD6639A0A78062B25E99D17BB159BED3EB0448AEB0FC55642A5695A340A373C04247647ADD26791D115A08022B2CFB7849736832F0DDBCB6DE6C6A325F294BB39FBC3BE3C8F08B424BA6B1E85D72EFEC93C25EA447E2E1C0AC52AEF12C2F717BCBF412AF16CA4B38651E992590ACE0790996EDBC446DB32F54FB7691CDD265FD05CB2E3E69673061D9727DB7DDE1735BB7FED267F01FDB24E4768B06347E6F57DB1FB606EB48A9EF256A6080D5117C295D930EA0B9D6378324BD3EDDCF35A8BA8D1670C4846ABFEA7FCBADA6B3BAB1BF494AC949FF5189E1459A5E03E6BD7B8462B826CE7BB4CDCA047E5A8CA23D83BDAFAC7B213301FB9090EC2307F52F5B70439673B89A5AE7A0F2E0D639BC5A28E7E09495A4AC606B23CF39B06CE71C81F23C4B8375092C7BBE5EC1E9BB7D708097F9C1543FA385499762AFD02B003DEB34F9F60D14979A841522E97C716936D321C47A9BEDBAEC9699B1CC084F8EEE45F3B410A787A9BE1CE0619DECE399C05F7572D43C69D26888C516B088754D6612EBD54211CBA93AC9B48C2597582CDB111BA8DAB3345862B12CA3EAB458AD6BC8A7AEEA2D804D455F1FDF908BF12A33310CC7AE3449A0E28F649F94F0A1EE6EB351D9B184D7504958FF0EB7F3F38A7BC2E2D5ED3A9357AF168A574EE5498A224EB889212CDBF11A28DCB334585EB1AC779FF1291CBA6B7336F7364503CF51DA3F187AFF342DD066A8FFE8C386FBDBAE36F5A889A9FB6F37FA2DA26310DDE6A69A45836923BB36BD2298A9997541416F37019D82C93DF783BAC99C1A8E4CF4E8CECD727064EDEDC2B2CD14666E9A0980BE3F864FB8144FCF7AFDFFE34929C10CDF99E73FB504D12A3E1F6B98730D600E735E2D9407701E5D4A2B057314CB031CD96E980B6C06616968FDC69145FB93FE5B3F444B271DDEA5A17F9DA6B20D1EDF36E126952550715EF1CC69F7D42159162C9E6C826EEC681E31A7F3E65BC7560E88BDCEB520061E1DF26BA140E43C3B9496127670F340E4C85AA4B02C863654BE112281A2314B9780C929756517ABEDB2DE7CDC9AA27AFDD954433CDC951953A7F6AF4460D9AFB5E59D4C5E8958BAB68D02141BCA02D4ED191350AF160A504EA510568D157301C392B58062D92140A93A8A0594A3CB028A65CD0691F5E7ED7A1BD6E9B8C86782353FAEFA629715D382B288738165BFF6131A247D0AE0718C0CA18A8D64A1EAF68A89AA570BF5C2094EF12ECD1398EA78A862D90EBFC0AE3996060B3896ED6FAE5483EB84576B5811C0F889524147F5CDB45D38D4F5A83C10B9972E2BE2ACE27506840A8165097EC9F0D33C64EFE80AB36B7668106DB8E32EB69805B3DB4526CC5E2D14CC9C6A59AAD77F8AB9467364F10E8DF03E3BAF1A5F391A377C9124324F1205FF0E9AFAAF2D4BB7DF50363EC8F7ABAEB86C2BC372BE3F2B5E34556A95353FB7225073B6056C2B0E35E84C9822B22D5A6FCBD125ABC25666261EC6FD26B78A94253CB6E7C8DE1A27CE071E09B874AB1C9B25357FA4AA88AB8A7787D34CC29B9A90EC13E70FD2597258CF39E7F7BE05A3F52E8EEDB2147DC31BAF120945A575AB47E670DCCAFBEAA3A12D7DB0425123922B72F47B8FD2B480FC66A3A18B6D025BFA9C5663B6F4390DCFDA17B62CAE2DA1F38B23B3F1F50836F92D0EAFE0AFE61544F6DD2ECDAEBE68BBEBEFA4292242EECBBCA4E8F5D582FD5622A05C56FEBE7494EBD14862592EE51447B0C9AB77F947CE1FD896C0FC21FA965BCC03CF5FF975501072CA0EF03451C5CD6F60D9F002D186421C0D76AEC0B2E661C1075301BB87DA6CB3AFA24DAF6E375F9B21D43C4C482636343345C1B303B664C002B393FDC6CF49FBD1C26684D1728DE6A2E5D541A1C5A910A48982A20A0F2D2C1B5EDA59B4381A2C5A589620A8795CBA7E5899C2D6FA037CA28C3D09985EA88882678DCD4A74B2BFF5FB210C58587D182CD7580B5660E78B5F070596F7B567F9C0C40945C472C47BD52427EB0B8BF1C1B71B5127F56CE11F7E1D9C280AD8E9D468985F6EDFF167B6D61F9D7E1FCD395327BC5243B3ED9C8C242FD1CB692CEA804736AA601F89A3E0AB62FA44809D6E0401EE75BA05380D2CD9FC3A2812C8549901F81106BA3772E8CE51AFBB1CFD5655919571E5E1EC80C5591E174A39E70A60B695FC2DDE33C2E3C6BC180777210819EA449831A7C72D6232B07CF16AA010209302C38465C3AF58A4CEEE591B1180A9A47B9BE81061876, N'PDF', 0)
INSERT [dbo].[Document] ([ID], [Name], [CategoryID], [CaseID], [PartnerUserID], [ModifiedDate], [Attachment], [Type], [IsArchived]) VALUES (2, N'USM Main Campus Guide.pdf', 1, NULL, 17, CAST(N'2023-12-25T10:54:11.157' AS DateTime), 0x255044462D312E330A25C4E5F2E5EBA7F3A0D0C4C60A332030206F626A0A3C3C202F46696C746572202F466C6174654465636F6465202F4C656E677468203935203E3E0A73747265616D0A78012B5408542854B0D033313030303241621899E859028182A9395052A12855215C214F413F20B52839B5A0A4343147A12813A4D1D042CFD0D4CC50C10008214A0D0DF52C8C0C2DCDE0667125E72AE87BE61A2AB8E4032D0B0400EEDA1A670A656E6473747265616D0A656E646F626A0A312030206F626A0A3C3C202F54797065202F50616765202F506172656E74203220302052202F5265736F7572636573203420302052202F436F6E74656E7473203320302052202F4D65646961426F78205B302030203834312E38203539352E325D0A3E3E0A656E646F626A0A342030206F626A0A3C3C202F50726F63536574205B202F504446202F496D61676542202F496D61676543202F496D61676549205D202F584F626A656374203C3C202F496D31203520302052203E3E203E3E0A656E646F626A0A352030206F626A0A3C3C202F54797065202F584F626A656374202F53756274797065202F496D616765202F57696474682033353038202F4865696768742032343830202F496E746572706F6C61746520747275650A2F436F6C6F725370616365203620302052202F496E74656E74202F5065726365707475616C202F42697473506572436F6D706F6E656E742038202F4C656E67746820373335343736300A2F46696C746572202F466C6174654465636F6465203E3E0A73747265616D0A7801ECBD07B8554596BF3DE199D4FF4EE6801143B73A3DC6514C1811C93967C92082A8A818400404092292B9E49C044531226AAB2D8D3907441154442473F3BDFB7BCF5DB0BD126CB57BE6D39E773FE7D9D4AEBD6AD5AAF79CB3EAF0D4EFD64E120F0948400212908004242001094840021290800424200109484002129080042420010948400212908004242001094840021290800424200109484002129080042420010948400212908004242001094840021290800424200109484002129080042420010948400212908004242001094840021290800424200109484002129080042420010948400212908004242001094840021290800424200109484002129080042420010948400212908004242001094840021290800424200109484002129080042420010948400212908004242001094840021290800424200109484002129080042420010948400212908004242001094840021290800424200109484002129080042420010948400212908004242001094840021290800424200109484002129080042420010948400212908004242001094840021290800424200109484002129080042420010948400212908004242001094840021290800424200109484002129080042420010948400212908004242001094840021290800424200109484002129080042420010948400212908004242001094840021290800424200109484002129080042420010948400212908004242001094840021290800424200109484002129080042420010948400212908004242001094840021290800424200109484002129080042420010948400212908004242001094840021290800424200109484002129080042420010948400212908004242001094840021290800424200109484002129080042420010948400212908004242001094840021290800424200109484002129080042420010948400212908004242001094840021290800424200109484002129080042420010948400212908004242001094840021290800424200109484002129080042420010948400212908004242001094840021290800424200109484002129080042420010948400212908004242001094840021290800424200109484002129080042420010948400212908004242001094840021290800424200109484002129080042420010948400212908004242001094840021290800424200109484002129080042420010948400212908004242001094840021290800424200109484002129080042420010948400212908004242001094840021290800424200109484002129080042420010948400212908004242001094840021290800424200109484002129080042420010948400212908004242001094840021290800424200109484002129080042420010948400212908004242001094840021290800424200109484002129080042420010948400212908004242001094840021290800424200109484002129080042420010948400212908004242001094840021290800424200109484002129080042420010948400212908004242001094840021290800424200109484002129080042420010948400212908004242001094840021290800424200109484002129080042420010948400212908004242001094840021290800424200109484002129080042420010948400212908004242001094840021290800424200109484002129080042420010948400212908004242001094840021290800424200109484002129080042420010948400212908004242001094840021290800424200109484002129080042420010948400212908004242001094840021290800424200109484002129080042420010948400212908004242001094840021290800424200109484002129080042420010948400212908004242001094840021290800424200109484002129080042420010948400212908004242001094840021290800424200109484002129080042420010948400212908004242001094840021290800424200109484002129080042420010948400212908004242001094840021290800424200109484002129080042420010948400212908004242001094840021290800424200109484002129080042420010948400212908004242001094840021290800424200109484002129080042420010948400212908004242001094840021290800424200109484002129080042420010948400212908004242001094840021290800424200109484002129080042420010948400212908004242001094840021290800424200109484002129080042420010948400212908004242001094840021290800424200109484002129080042420010948400212908004242001094840021290800424200109484002129080042420010948400212908004242001094840021290800424200109484002129080042420010948400212908004242001094840021290800424200109484002129080042420010948400212908004242001094840021290800424200109484002129080042420010948400212908004242001094840021290800424200109484002129080042420010948400212908004242001094840021290800424200109484002129080042420010948400212908004242001094840021290800424200109484002129080042420010948400212908004242001094840021290800424200109484002129080042420010948400212908004242001094840021290800424200109484002129080042420010948400212908004242001094840021290800424200109484002129080042420010948400212908004242001094840021290800424200109484002129080042420010948400212908004242001094840021290800424200109484002129080042420010948400212908004242001094840021290800424200109484002129080042420010948400212908004242001094840021290800424200109484002129080042420010948400212908004242001094840021290800424200109484002129080042420010948400212908004242001094840021290800424200109484002129080042420010948400212908004242001094840021290800424200109484002129080042420010948400212908004242001094840021290800424200109484002129080042420010948400212908004242001094840021290800424200109484002129080042420010948400212908004242001094840021290800424200109484002129080042420010948400212908004242001094840021290800424200109484002129080042420010948400212908004242001094840021290800424200109484002129080042420010948400212908004242001094840021290800424200109484002129080042420010948400212908004242001094840021290800424200109484002129080042420010948400212908004242001094840021290800424200109484002129080042420010948400212908004242001094840021290800424200109484002129080042420010948400212908004242001094840021290800424200109484002129080042420010948400212908004242001094840021290800424200109484002129080042420010948400212908004242001094840021290800424200109484002129080042420010948400212908004242001094840021290800424200109484002129080042420010948400212908004242001094840021290800424200109484002129080042420010948400212908004242001094840021290800424200109484002129080042420010948400212908004242001094840021290800424200109484002129080042420010948400212908004242001094840021290800424200109484002129080042420010948400212908004242001094840021290800424200109484002129080042420010948400212908004242001094840021290800424200109484002129080042420010948400212908004242001094840021290800424200109484002129080042420010948400212908004242001094840021290800424200109484002129080042420010948400212908004242001094840021290800424200109484002129080042420010948400212908004242001094840021290800424200109484002129080047E62048A93849787042420010948E0A74CC0D9EAA7FCEE189B042420010948400212908004242001094840021290800424200109484002129080042420010948400212F8A91108B589F2C89FDAFB623C1290800424509A80DAC8D2342C4B400212908004242001094840021290800424200109484002129080042420010948400212908004242081FF03048A9264AFAFBD0D7D0F43D42685C549D14E71647A7B57DBB48242E9635FF5FBB229691ECA969F83BEA5B8782790D2E3F969967F46A1FED400FE0FA1FB5BB9FD5BF9F9A961371E099426B06B2E292A4A76BE4A4F6885497118649A7C9F19A42473F3DDD9E5B6745794D3EADD0ABB99ED66B9E7DD4CCD6E2EB8F49080042420010948400212908004242001094840021290800424200109484002129080042420010948400212F8DB1248151AC84832AFE28CDA9117EA908C4064D791918B1415F00A4D4731B6883B3028284AF20B8B0B33F7A8DAF5A2CCABA030C9DBF52AC84FBECF2B6D186D730A135E794509FD961C7BD34696C456948AC18A88A4A09073D4477967EBCC284A8D6AA7D3BFCD3F74177DEDAB0B0C4A1FD12BC61CD4FF6D82D89B179CD3457A27FA8A9AB4DFD206A9E5BE0A0C336DB82F9BBF581F1E3847E1BBEDB1890839E7E7E7A7E5EFD3F6BB3D97BE9B9B9B5BFA925EA2A3D2956939BD95C640212DA766DFA7402B0605558C53B77B362C71BF97CF49E9FA3480D27ED271C5DDD2DF883D7BB146023F2302BBF25A4C0C71269D92A032AFCC8C959998325F919DDA4894FCBCF6F235FA463CC91784692DE31933FED935AB65CABBBDB8C5D414AFD4AC7421BD9B16E22E7E8A993C99508B79A575FB22CFD79923338C926337B348C8792547DCC278379BFF0B977B66B6141705EE060438ED8B0F36A959E9F2FF057A8E510212F84911D82D4D71495222951164DC8AF277C71C39304D6BDFDD248CBFDB617A773757E9EFCCE88BBB64DAD4260D206DBEAF02438B3028F0C3785F66D64B400212908004242001094840021290800424200109484002129080042420010948E0071140428112F21BE14646B091D135C62BA4202C5421E228CCCF2D2CCC41085298E4171417A035C8B444FC48755E615E417E6E52B4B5307B43F6C6AFF3376E4B766C4EB67C96BBF6F39CB55B928D9B928D5F251BD6271BD6655E1BD7255F7F5EBC7E5DD1FAAF928DEB93AFB9DC906CDE946CD9946CDB9AECE0B531D9F465D1BA2F0AD66E4CBE5C97F3E9AA2F3F28480A91B8EC756884C7BA5B2CA8710E8948D4C465BABE4625AF58AD8BD5B728EFD5EDF7ACA48BB0A4B063C70EFCD35DF4187D451744C5253669BF51CF7A621AD2F7ECF1879AD1295DD08A0207FD4624041935DC4A63FB3ECE73727268B89B653AAEDDEAF775997A080EFB328BFA8899327106B1883C3AFDEEB6DFFF2E6F5FE96052267BED85BB78E6560C240AA59B7FCF7EF1034FBA665C340FB769DBD235FB8AA774D704133194F6B365CB162EC315E70098766141023F6B029929AC64BE42CECF37B264FA2A6486CA2FCA437C9857BC4B1BC920B99F99ED30D9531EB96BDA2B4EF88220552E4294C1BCB82349B694BCB627494E52BCB930FFEBDC040D3597D949B239493626C9D749F255926C4A926D49B2B5C4980277576F4DBE2ACCDCA54C0DAF0D49F2455EB2A120D956549C5D4006CE2D2ACC4B0AF377C6FFADF721BEC899A87769A729A4476A4A4D4850B66DDB46E4918ED25C919AFDBD1662BC31BA9898524414E0109930CA9CB18C697A3720F8E100204EE256C9C7203FF5B69BBD9712908004FEE70864FE1751A20C241145E2E292541F3D524981E416056E91FF23778519675A853D992DFD0F08F59112D3429AE2308B323EB1C11BE7E87AAFC3E4567676766A405E0D33FAC2D5D6AD5BB91B35B88A7808925BA937CA1CE181BE68483902A3C0ADA849ED2D48400212908004242001094840021290800424200109484002129080042420010948E04713C8084B4AB49179E81C4B6423850509B290CC6E563BF7B462E90A515F4151410EDAC8E28C30320FD9099519B962764E51767651411EDAC52DC9F64FF2D7ADD8F0F6928F9E5DF8DEE3B3DF5E3CF9E559D35F9A35FFAD05F3DF5D34F7DD85B3DE5D30EDED7953DF9C3FF5F50533DF5C30FB8D0573DEBC7FC1070FCD5DF9D0A4D7E78E5E3E6DEC8BD326BF346FCE9B0FCE7FE721EECE7D77C1C20FEE9FFEE294C7DE7EE4B3DCCF7764F690FC66596DB721B394168B6BB10657FA2EF5B100176B70718B721CA52D7F50199FAC2186AA8D4E39366E44289391D6B02CC8A21E05BAE0FC55C94118DCA5551C1F7EF8E1EAD5ABFF17D6FE6298F44E14044921E2A4C06BF366F43D9935D6921164EEF222425AED46231D1706719702951C51131DEDD66A5F9718A72BA714F0000ACE7BDA63493CD4B3C01A816186DE6F4FCB1F5793FAA73931E0998E622CA5CFE13C8C0363D853A6F0E3E26120BC291B366C088738A7C03968C44708BC14E2A03E0D29E249CF1100CDB1A412CBF009313C7077D3A64D94F964E2216D6541023F77020820F391E717E4F3A2101B2067B664DC258CFC66CEE0835FB2D1F15EB5917CEB98C8D04FE666E715E716A384DCFCE6FAF717BCF4E27D0F3F77F7A2A7FACF5B36F481E5E39F7C65D2332BC63DF9C2B08756DCF7E89F873DFCA7C10F3D3768F10BC3962C1FF944C9EBB1E7873FFCCCE0FB5F18FAC0F38316BE31E6C9D7473FFEF2C8C797DD35FFB13B663E79D79C87FB4E7D61FCC39F3EF3764675C9149A14E714E7E566FEE2A09464A4E42DE17B1A798F2BBECB1C5CA647E4012EF9A6A7EF20959107E2EB4F130ABC30FBFBFBD63322721D621B86498AE31CA98F7AC6CB2547E04AF98082BB1C1430861507665C86B0870297611F6DC39E73EAC48204242081FF69029179E8254D3E64A4B453D2579AA0A88CD447814C98DAA40DA9C1989FFAFCB2E588CB38A72931759E16D2FC191DD1056DC34FB4C2436A13017049007117E3B8CB4FDCF0C925E99A4CCB2FDEF8F19F461883C58CBB34A790DE8AFF61D1978704242001094840021290800424200109484002129080042420010948400212908004FE1A022CB6A18DDCB99916420D76CA0A956466D7ACA28C2832A331C9BC585E4353803C32BF201B294AC94E57F949DEF6A29CAD8545DB72921DAF7CFDE68D0B06B4987E53F5719DAA4EE8586BE6D57567756E34A37DA3696DEA4C685E6D5C83CA590DAECC6A5425AB698D892D1A4CBAAAC9E436F527B4AE3CB6E915E39B569ADCAAF2D4AB2A4F6E556D729BDA53DBD79AD2AEC2A8FAB5A635AF3DA971AD11F5BA4CEB3AF985695F24EBF3763E5F9BA8BF59258CE1B394C69A5ABA66C765E9F5356CA861D98E23B5A786E347D34B9BD36938097D455A8F0E8DA5C0B4C75816242A8EB0673D912542962C539B1F1DCC7737645172DDBA7574978E378D199D246542C28683725CA696A9676C32F84A963E19294794C33246BD67ABB4795AC0862E3833F6B0E732BDBB6721FAC52624946140651C7808277B36FCFE350C1C0E0C872E28E390855D6433D494B8FFA60B4AF49B215522A1E11C61A03CFCFEDD61196EA36D340C26B1C49C1AC4AD302E5DA6262ED373481F23362AF1135439B3124D3D4D1854D4C765DAD682047E7E04F806C46B8FD0D929320FD9767E1E5249A6AE6F3EEDEC16599899D4F6AA8D648ECBCBCFE15641767E6667C8CF8A9FBEFBFEB1556F1B784ABB7E47B6BCE7F84E434EECD2EFA8B6B71EDCE4C65FD7ED7570D33E47B4EA7F4287EB0E6E74D3912D879F7353EFE3DBB6FF7F95AFD9BFD6F0B3BADF5CA6E1AD4735E97B5CAB8127B5EF7F429BBB4E6A73C771CD7B1DDFFC8E535A753FAE769FF3DB4EE93070C7AB9F255FD361EE96EC1DD945B96C1DB9DB9446D8F115667C51E62B9C194CA90383D426307CFF7CBE07B69F5F0524220F43060E913C835226419764F2B81563A35CFA20BD73A4B728C4DDA04A39AD8972587A96800424F0BF4080B4C3FF0EE23F11FC782359919A22AD95EE9D9AB8C49E9FE5D850A0125162242ECE51C00306FC56CC24BE929FBBB8C59E33FF5B89BC472BBCF1775BFC18A6809F3848B61850C941397A5CBB762D9E9974B8A432FECB13B730E312CF718BEEB0E41C6D3967222819116E29C44F530AD19C33F5614621ADB420010948400212908004242001094840021290800424200109484002129080042420811F478025AED046F214D2CCC3479140E6F3D0ECC2A4A000B5015B441624F9B9C53979998DAD589F2ACA2FC8E59559ABE2B1A44585C5F9DB8B0AB7E5146F5E9F7CC9269057CDBEAED2F4D6E74F6A546E4AA37293EA5F30A9DE2513EA5C36BEE66513AA5D3CA9DAF953AA9D37AD7AF919B52F9D5AF78A09B52B66D5AE34B941E5D9CD2E9DDFACFC82A6172D6A5E7E7EF30BA635BA787A93CBE7B43C7F729DCA8B9B559C57EFEC7BCB571953ABDDC4CE7FFCF2C51D3C8B34615BBC8C50331D2FCB67C4C32B96FF38B396C7921C472CC3B1DC16BBF371C9C152230698C591FAF9A1055CC59A5DE9E5BCD26516FB62BD8F25428CE9944B3ACD04B16B5F9474D9F187F6FE43ED0348C4435B2010030586C02266D023B6BFE816636CF0C34863F83B39EEFAE72F7AA0DFB46DE845691AEFC85EDB4684D16F18C4522C8BBC84B1D7263FA832469D794B8A8A901122898C9A786B760D6B773269D7B4826DA0F841FD628C137AA12D2FCAF4C51987D1356EB9E41685E09306131196EE8E56F13E46250DA310AEE0CC25AEF66C58DA896509FCEC08C453B4F3F20A4AF60E440C99D91B126D64766EFEF6ECDCEDD9D9649BF8FA3034BE263BB591DF1E277249364346AA98B99B5DC0A68E6B16BF39F0A2AE37EE5763C0814D461CD969D041AD7BFFB659AFFD9AF53DA025E57165AF1D71C435C3CB741D7258E7FE0776E87F4887C1653A8D3EFEDA114775197A58DBFBCA741A7E78C77B0FEB30E49076830F693DFC988E83CAB41E7A749B8147B4BA69BF1A371C5AB3D719CDFF3C6A71B28E3F31A037BEABECC2BC4B6EB22B30BEAD69D87C6D3391EF9A3B28A7076631E95043532E498C69BAD8E5ECEFF3DF40948E8D3C0922521F4022D171E6E0B2746E441A14E931EE7206174E3EFBECB3F5EBD763C95D0E5A714E6DD25E2C48400212F85F2040A63AE8A083FEE55FFE65C18205D11DE988F41EBFDE495064BC1933661C7AE8A1FFF00FFFF08B5FFC82F33FFFF33F73E6F8ED6F7F7BF4D147A35DC48C26346482E04C93575F7DF5B6DB6E3BF7DC73F1FC1FFFF11F58D2CB21871C3278F060A498D8BCF1C61BB4FDF77FFF777CFE63A903B7071F7CF0238F3C120913CFD850D9A953273227115213D35018503EFCF0C371B066CD1AEEB255FE15575C71E18517D2E45FFFF55F7FF9CB5FD29C00CA952B77F3CD37CF9A39EB934F3E49A98607CE2479424AEB2D48400212908004242001094840021290800424200109484002129080042420010948E0C711086109CFD12E79156736882C2E281143E6E624BCF2786D4FB6671767238F645F25D402A82833124A9492E8390AD865321FC9E29A64EDB03F8EAA39AE718529B52F9851E3ECA955CFCEAA5A7E42CDBAB39A369EDBACDA8C5A57CCA951F1D146973EDAE0C245F5CACFAA75E9A49A15B36A5E9E55A3F29C46551E6F7BD913ADCB3DD4F8AC050D2A3C7855C585AD2F9AD9A4DCD45A972E6E506149830BE654A934A76EAD09CD1EFAE289ED094F52661F12745FE840E29591BBB082164B7240601D8D20295053126D66CB91584FA41096B1DCF657AEB8E13FFCB02088670E6A58FE2B7D19917CF0C107B168184D68C50225EB9B0440FDFFCEDA1F5D0321BA03025DB30C1A6BA69CA94113F8C5175F5088B1ECF54CA8E83CB945FC6848F049994A0A38E4D86BAB3D2BC34F34A7154BC0F1BEEC69490D666024485A112135B10E4B3DC75E9BFCA04A02C04F040F1F8497A0A0263E3CD4C7B1A74F04B7BC8944555A78B3A7D9BE6AF00F4606CE1136B8A2403D40E894F2CA952BA3322EC36CB778B88CF80986B6BCADEC119ADA4721F602E273183D861FCF12F85913E0CBCF44C40C94831EB2A49C5D589C83C8BF6454251A7F66B48C4E32BF10F1E1CE57240D6CE21504D87790577E11DA488491C5C9D6E4E5618FDC7854BD3EFF5173E2319D861ED7BEEFC9EDBA9FD0A4DF85D7F63EB363FBFD2A0D3DB1E382F3FA8F3EAADBE823AE1B7ED8B5430EEC7CD77E6DFAFDAAC59083DA8E3FA6DBE8433A0FFE65EB29C7DE34F3F7B7A2A21C7470ABF1BFBF6EECEFBA4F3CBEFBA8A3D049B6BAF3C4E60BAF1991ACC9CC53DB0B325FFB8879B7B783EF7E7C7FD3EF785C52CF4413E5C85434248D90BEA88C3C400E299D0776F3FC7770098448A108DA29C301020C9F14C724450D6364D62039071CB07050E6162F2C1143A61CC04599CA9D1F8F923DD070454D1CA9A50509484002FF0B04C8E74807D1162E59B224BA231791D038228991009F7AEA290C501BD6AD5BB75EBD7A9CAB56AD7AC9259754A850A17CF9F23129D096869CC9781D3A74285BB6ECBFFDDBBF1D70C00158A24B3CFFFCF37FFFFBDF9F72CA29F7DC730F3F7DC318E1223EF1C051AD5AB58A152BD6AE55FBF2CB2FAF53A7CE3BEFBC4392C421E9149B385036521959170FE96FDA7FFAA77FC2207AC779993265F07CDA69A755A952A57EFDFA0449D7683B436379D14517CD9D3B9741713076FC84CF68CEA58704242001094840021290800424200109484002129080042420010948400212908004FE1A02681D73730A73F38A10996427455B939C0DC99675C9D79F271BDEFAEABD4DC9B62DC9F66D453B728B33420EB6E7627BC910467266972DF693DC9A6C5B9D7CDE6FD9A06A931B549855FBA2FB6B5EBAA86E9D87DAF47A6BF09282256F24AF541A5FA9FCA40A959E685C6E518DFF9C74F999632BD699D9B8D5827657CD6B5B6B7AC37259954F1E77F929932B9D33B3CEF913EB5E3CBE6EC5C94DEA3FD4F1F4AC2BCE9B5FF5CCA9975D36B7CE15590DA77C306F7B828061478936122DCC4E6D0B0B67B1541710B88C153A0A1CACF7B15078FCF1C7B3C8B8DF7EFBD5AC5973D5AA552577BEAF906FAF6CC343F41BEB80882B50B29D7AEAA9AC241200B20A16F868CBCE2DAC5DB2FE88E80E691F66DC658394030F3CF0CA2BAFA412577BEDE26F58499CB1D448A89409A377EFDE3D7AF440604300D4D0176BA0ECF1525A2EB26700EC33C36A269BC0A44B9F041F72BB1F340A9ACF9B37EFD24B2F8D95D333CE3823C2DBB3476AF04C84086078EF8E3BEE381664D315D8BDDAFF884A86C04147AC41F3661D75D45120A2176AD26337B7806249978F56D423D7448984146737B3EFBE645CF4C2F9B9E79EC31534F888B2408CBE9186081A8F3CF2C81A356AC4AE3BD4A4C15028EDF9A38F3EE27D8C80F1C302F4A79F7E0AE430C33FA3C39E6571BE0EA51B5A96C0CF944064FF8C30B2A0787B6EC1961D79D9B999D9A8442E9914ED282CDCCE9EC77C6712B492BC526D64E629DBBB268F4CE22B39421BC98EC9997D23F9AE6C4E5EBFF7099EA67DCF81CD469469BD65C2BBC9BB2895936455922CDFFEC9E8171E6B3BA1EBAFAB0F39AC7DD6B1378C2D7BD35D0777B8ED80E6771ED9E6EE133BDD73E235F795B9FAEE5FB61C79F8D5238FB9E6E65FD6E97960FD7BCFB8FE9E93BADC7348BBF1475C33FAE8ABEF3CAAE5FCD6C3924F0B086F737E1EB1ED0AE45BFF12697CE5F96AA729976F3A99879DBE1E7BEC31BEF8DCA24D46F6B76DDB975F7E99E6011235D983D9A764B8DF72FBF77101909861190E85D00BC560B915A998B4DCA74F1FE4376C53C6D1A04183975E7A097BA88618127AF7DD771FBF0DD80F8D1A7654AB54A9D26F4A8E33CF3C33326ABC057F1FD01C850424F0332210FB40BEF8E28BC41CBFE2227852132FD2DDA38F3E8AF8901901E5216990FC1F06E4437E3762C34FEBF855FFF6DB6F9F7BEEB9FCBEE577FEE4C993C31B6638414CFECA2BAF307DD0961F9F34E1A73E9638C7279718E38ABC8A65FCAAA492EC4AA63CE2882308F2E4934F7EF9E597C3268D9042FCC2A7405B3CFFEA57BFC298E1F00335FDB54CBFC453BD7A758C516C8E183122EC39D3570C93B28704242001094840021290800424200109484002129080042420010948400212908004FE2A0225D2919088B04FC79745DBDFCE5EFBFCD76F2DFEE48FB3DF7A38EBE9996B92F59B931D5FE76DCE096D646E46659291257246D2C1865DC579DB32DAC8B5373D7C47F5D94D2F9C53EBD4A915FF30FEB2FA0F761ABD72F23BC9CB9F25EF5DF748B78A93AAD558D2B4DAA32D2F9C56A7CD13DD277E3C75F60753FF9CFFC7F96B66F57CF68EBAB35B5F31A55195A9CDDB2EE876FD033D1FDBF6F4D3C9F2460BDA5699DFF4FCA955AA3DD0E292B1F5073E3F72EB4E6D24E2956F692363B50E0E2CC0853A8233FAC3586E431A71EDB5D7B2E2C6996D55860C1992DAFF55E84A56EEA23B160A71855B041848FE088335C77429934D5178965CF4150B822C38B20E78F1C51747F3BF328CBFD89C5E224202C378D9B265279E78627020C8581E4553C7C2254320B67D396411365503A66634E1D85793BDD6A3EA610D1457EC12336DDA34DE149ED3B757CBA8246CBA434ACABA6A080519D10FEDF43BFCA7B79A346912DBE02C5DBA94CA9291ED3CA5361420C69975619E0F085862E36DFD11F1302E5A41001A486A870F1F3E72E4C8860D1BB2CA1C5D10CCD9679FCDEA305D2073DA573C044318BC9560212476E6A1263E5AAC3BD39C86F4356AD428B4976FBDF51677397E44C0D1D0B304FE7F21C0B4C32BBE05DF04C04C44568B8D239919D8F8EAABA2647D61F2794EC117DB329B4072F0CC6C44FCC558B1E7716663495EA58FD046724E8A505B669C3C3F7849DF533B0E2DD3E6EE63DB251B92C2770A17DF34795AB3BB3E19BE2C797653F266F2CA80A537FEB6C12DBF6870C7E1AD879C71C35B0399B2F2A85F95F5DA8C4BEEBCF597756FDEAF7E9FE35A2F683EFC8D7B96ED78ECCBD5635EBF75FF660826871F7175CF031A4FAE3F205953CC1CBAA9202F2391DCDB51FAFB4E42E092F3D34F3F8D6A85CCC07348D346486262BA2151441E40EB5E3A0FA4967F4F05521C7A1B64366021BF91E8100841295020743FF6D863510D75ECD871ECD8B1C8C201423A7DE1851762FAE08C301298D75F7F3D3F0F9E7FFE79D4A4EC9F469E6472445C1A9973F7CFDB0F2448F31FD8427309484002C9EAD5ABF90F050FB626E793E862835C327C1CF1036FE9D2A56430CCC833D430115020197240904C4812A3C00F547E6663C60E90EFBEFB2E1E826FDCE5D763CC2F29747C72D02F3588C6F189252FBA8826D4F3C73BA8CA792477B76EDD30EEDCB93322CCE897BB61966A23E3072A66CC5C645AE28CF863237A8C515AE281BB246DB6A6C403317350F090800424200109484002129080042420010948400212908004242001094840021290C00F26C02A7D66A19E8DB3D8AB2A2F3FF32AC849F2B726791B93EC95C59F3DBD61C5F8B7E6F67EFADE96536FA831B055E7D13DDED9F1D1C664C796243BB49105A5B491B11F17CF21E599DA9F266BD034569DD7B4FCFD75FF7B6ECD73A7D469F7408FF91F2F5A9DBCB3267977D27B13AB8EAF77EE842A95EF6F567B7A8B616F8E793979EDB18D0F3FB3EDB1E7739E5EB066E1AD4FF4AD34A641B5AC86D33F9BFD76F2F6DA64CDC7C9EA46D3DA9C35EC8AD34754A8F160FB6A33DADEFBEA9452DA4896F6421E9961C02A5B2CB4B130170516D7FAF7EF8F94AE7BF7EE18508F482C160D59A44B57F7328DF73830DBA36E9F15611C0B7C18B1B4179A0AC2A097E88B07D8B11960B82092589764D110152595E9326518FCCDCF4498A15322238947E6B1048902848E22EC5092100C2BA7547E071C449E98E18A51A494B0A7E60785DDA9532786CFEE312CF8D216029C5387B8DACD21972CDDF2044076F7A200D5F1E3C7B3AFD70FEAF43B8CF1CF2878211DE4ED83031F9E182351C551BA39F61CACF3F29041EA69880D81D1A4B4D9F729B3DB1BCF16FCF5AF7F8D94179F7C4A7142256DB964E9198D13E5F0BC2B96CCBFA9736EC5DDF820F106B1E70F77A114C248CAE96E426C89D9BA75EB685BDA49EACD82047EB20442D398D131263C319BC765F32529D945F8EBA4E0AD2D7FCE7A72F4557D7B5FD2BE77F936032A761A5EA7C78AFB967CBAF8CDE4E35CF681443F1913161FFBF0537A98A5B491250EB7268FF59EDFE3D866FD0F6E39E4946B93AF9217E6FEF9EAFF6A7CD3090DFB9FD27A70B96BDE9FB02259933CD470C4B5BFAED1E7B4CE5F4E7937F953CEF2218F3FDA7F51F272DE8609AF0D3BEB1A8491132FE95D30FFD3642DDFC064F9F0A77B95697DEFA1570FFC6D9BEEFFAFEEE8EA7D32F5F9C9A6BCEC7DED1B99F99EEF3A22BD203E41C5C7B7F8BCF3CE231992224230430AE2EB1F7920CEA4A6C8E7E481D2234DCB384ECB3FD3024346DCD8AE5D3BB00427F6FB454E031652288F6D259FC7966B08CB31FEE0830F9877500785C09EF488221DF164E4DB9B6EBA89098EADD2808907984462A7FCA359FD356D7FA66F8A614B40027F1302640F7ECB91B29E79E619B23A999C1ACE1C64330E7A79FCF1C7F94F47FCE48B1A2AC957E4AE34065A2D5EBC18112366EC1E493DB30667EA4BDBA4659A23C8C42D0FECA65F7E9AC62DEAB9E4482F9962C8996CC68B31077FF4C42DDC46EFD8133CF5110F67CAFC6C7EF6D967D155126D24D8F0462BA262674B6CAEBBEE3A723235D11D0DC3C6B304242001094840021290800424200109484002129080042420010948400212908004BE0F81CC8659D9BC0AB2F337EF48BEDA947CBE2EF9ECD3A2B51F14AE5EF8D1437D960EAC9BD5E4CAF135CADD7769A3873B941B5AB9D2BD4D3A8EB9FEDDED1F218CE441DBD9459915B1FCEC42FCC48E91213541DA965DA28DECB6A8C7A553AB5CB4A8D6E54BAE3A7B64ADA14F8FF832597BEFE201CB37FFF1D3E4B306E3DB5C38AD5EC5D94D6F7FA8CF87C97BA3DE1F5B777A938B465C79ED633D3E4C3E9CF2FACCAA939B9C3BE6CA560FB4E97AFF354BDE7B606DB2B6E6B8C655E6343F6F62FD8BA736AD34ADED88B766946823918DB1B1D7B7B491AC9DC5821D6B6DBC10FBA1854091C81E7A5CB2CA460D361CAC2A320A14149CB9853A220A9C119FC45A2166A121A415EB77E9C626D8B0834AACD621368B1EB1A480C68FBB1CA83191F051A06DA859E885C53E14775462493D3594A9641D307A8C4540ECC31B411243DC8A569C630795B412032A396250DCA539974448CC1C94E90857D4478F585260FD91FD21E3D9CAD1164B024383477D94691EAAC5B43BEA2963C00698C1306CA8E7206C7AC1200D03CF44C22D5007A888811A0AE5CA9543B5C20361B98C71511902159CE387CBB497B42111B2D2CA5DBAAB53A70E00292377C149E983CAB824069CA7CDE37D64779AF09FD673197D2D58B0009FEC6079CE39E71C7DF4D138A11E27E18D779CF78E32713276BCF15EF300563E427888317237FD24D0757C7EA864219873D4840D6EB164C7335CA1D561BD181BFC84651863C378D138A5342280F8146113B11149C41FC0F14660DC8DA838538ECF39E5BE7DFBB2DD65F412B7B8EB21819F38013EEA1C68224B767F444CB87D6BB2FDCBCD1B8A3615241F15BE3BF4B941A75D3BF4D46B479DD67DE0D12D871DDFEEBE13DB0D3BA6CDC813BADE7554BBA7DA4CDFBCF0D38C3C323B29DA9657B075EB9EDB34863692C76D23B82C64A2DB9A2C1FF4C49D2776187870EB41BFEB8C36F2D9ACA53D4F6F3FF8E42E63FE70C388D37ADCF9DF5D92F79375F73DD7EBBF9A8F68D437F93C79FBCEC7879DD175C8E9DD1E6E97957C908C6C7847DF133A8CFAFDF5CFD49B3CE4DCEB305831F6A93B8F6A3FE6F0EEF71DD47968D92E63D937726B661E634BCB7D7D13F9E293EBE2AD0902A48B3FFCE10F643F14927CCDD90271DDBA75DC8AE4892549061B6AD894986C4699B4104A18EE922BF0492A230D6283730CA8A74C81C412598878D2C9880277C930340CE3B0A7929A48B01468984E6D5C629F5E628F67EC2300CE1890FD38F3A21ECB30E692BB94D351A791634612A33E6545D754D6AE551BC10FDD511FC1E08103B90EF29E3BEEB883F8A3060E5062635E84E813274EA492E6CC68356AD4A04CD724F3430E39043F0C3312260EB9C52507E8B845139CC4EC4F257763E2A310479A5AB1A4069B34E05D26FE2B010948E02F13207590E4F9718846917C1207992A938F76FDC7E489279EE057223FA7C35DFC38E4CC25F669466DDCB831F9B043870E34A43252190698518E5FADB48A0303148FFC507CEEB9E730A009592ED365495BEED29094CB196D24B30C356C624C01B93EF3114DA88900526D64F4850D35E839E92812639C31E620BDCF9E3D1B1BF4EAE181BBD169187896800424200109484002129080042420010948400212908004242001094840021290C0F72550946CCDDDFE65D1DA8F92779EDDB274CABBD36E7EE0CEC6A3DA379DD2A95A56E3CBA7D4B8646695F3265DDE60499B0A63EBB79CD26DC49359EB92AF7724F99B0AB7E56424233BB591A18ACC2855328FE4CECB49B6AC4D3EBB6ED18D974EA8507EE69517CF6E7CE9E826D35F9DBD32EF9DDBE6F49CF4DAA457F3DFBC7AF64D156634AF39AFDDE4E593D724AB6EF9639FCBA7D7BA6476AD960F77FA2059B974DDD33567B5BC605AD5DA0B1A369BD2F4D177177F917C8E36B2F25CB4910DCB4F6D59695AFB116F4DDB9A7C8D360D01C82E796446F7C5A21B472CA5B1E2460DFA84D1A347B306174B7BA95C0DB35889437DF1FEFBEFB3AEC7639A3383CACF470581C4E2FCF3CF0F2905FB9694295386453A547CD3A74FC7867A6C582EBCF1C61B793637EB953CF898867471D555571D74D041282EDAB46983D6024126CB7911123A0AD6FB58DFAC59B3662AAEC00F071E10FB611601B0F915CFFE2606CE3CE23362264E367BE131A0E902E219679C41439A70B05916423824A0A79E7A2A8F63C6186FC8367AF5EAC5C6626C3978F2C9270F1B362C22C13E0AAFBEFA2AB7162D5A14352C71526020A837196F9409A06CD9B25C3228A423342460E42274CD63CAE9087B76563CEEB8E3181AA0FAF4E983CC8F4A7A6751954B964A7980E949279DC41E95B4C52DC3C70F0705767DC439B461C82D7071E68015ADD810321D2FE5182FEF297B7C1139BDF340702A39B8E469D46FBCF1069BE1F02E1C7EF8E1B8E5917CD0088718F331B8EDB6DB7AF4E8C17B04902E5DBAF0A6D023840906332E29F0F969D1A205C3612000A4F0E0830F7217714ED7AE5D71C2A7050FF8E7E019823467A4A79F7E7A74C4C3B879E3A839F0C003E90E2751CF2572443C1F7FFCF134E473159DC6DD382373E216AEA011038F7567EEE2900DE27AF6EC09493E7B03060C0011F598F1BC456E51C97BC4C2371F86E0CCC78F68FFF4A73F218EE211B100E411B1294F7645C3E72BAFBCC278F78CA474549625F0D321C06795639736727B61B2757DFE575BB277202F7C3BEB85FE2775B9EDD74D479F74C380C3DB5CFF6FD5EF29DB7EFC7F751B5EB6C380DFB4629FC67E07B6CDBAACFF86A7BECC4C1D9BF393FCBD3CC23AE39B1C50A28DCC45D6B12D5971F713FD4FE830E8A0D6434EEC9C7C99BC3FEFE53B4EED74C7412DFBFDE6AA7B8FE9DAF7E40EC9F2FCE489CF6F29D774F6AD13903ECEACDCF7EEC35B0E3AB8D5F80B6EC57ED6CD637B1F7D15BDCF39BD5FBFE3DA259F262BC63D8936727C991EA30EE88236724C8301997832992FD3ED5E5193BEE29B4B6A6502E23B8B4886BC87C00FED1F5F73D24E90A139335ABD7AF510C990A69A376F7EC209273019A15489C418623FF64BC4C97FFEE77FA203A4091B8221B3246D32EF346CD810575492464E3BED3452CAD0A1432FB9E4123221F6649E8890904889F1F0536E918230E3167909212292721238F66460BC1136D3075273521CF5643926AC55AB56D184BCCD4078DA35DD316BE096A4876606ED3D667860068FFDCA687EEEB9E73264A61E86CC8EC74C6A78A6532C49CB8481A69121A0C3C709E171F7EAABAFE6EE8A152B48F5F8C738F3F92928444A443D1995648B92873281A11A821B1EB864FAA0172650CAD4D390D83823AD8C8D25A984CF942953F08C7F9E544B6E270CA6B3D8A31263DE2C22A13B6C38F34A3330773D24200109FC4502240D921B078931F23C3514389358F8E18A07FE96874C45EEE217692419B21FBFB123A35243F2E116398A1F8AF8E132751509134B6AB0C11B85C8C6E440FEEB316FDEBCF80F51844A398CE982FC460CE4707AA7095997DFA234E13F32F49E0E2D926A7A19C359BA7469841A3DD2696AC0BC864FFCBCF9E69B69656983B4D28204242001094840021290800424200109484002129080042420010948400212908004F645A03029DA986C9BF5A7F9B73FD0BBED9CF655B36A549E5AAFDACC16356775A838BE75E529ED2E9BD9BCFC94BA178EA97EF39F064E5EB9F0F5FC95AFAF7F3F2729CC4EF23717B0DF56468D50905B90D97FB228F30A6D64529C9F9B6CF92259D763E18DD52756AD38B9D21513EA369ED67945D19B0FAD7EACF1D8AB3ACEEA863632EB95A9B5E7B4AD3EB5C592D58FAC4E3E6E32BB6DC539F52B2D6A546572BD15D9AFBC937C58657AB38BE6D6AE34A776CDB1751E7E6FF1E7C9E7D5C737BE725EF372931A5E38ADE595D3DB0F7F7BDA968C36126DD8B7B491315E96CF58B9E3E092A53AA41DACEE21C388BBACE5A16D6059904BC4181873608032849AD8EB89353EA492B1AE879E848775A2C7407C82160245196B792C05D284953BD480D4F3D86E247988283040EC77D75D77B1FEC8DA5FB366CDA253961151A4D010351A620FA423C8E4A64E9D8AB403F51D956C0948182C32A2FD40A0C2E3BF172E5C78CB2DB710099B83D11D0765D46E98C54A28656A4277C1334311D40D1E3CF8F6DB6F9F3F7F7E2C7A2271243CE241DA87028490060E1C1803272A0A483D1172C49E8DD13BF5F041068367A2C5392AC47EFDFA317C548E884652D90C0608358318DB630E193284B120A464019451D310FE0C04080C8D18F079C411471046C4065B0E3AA517B42B9821EC44203A79F2646A628054F254686C58ABE50C193AA5C05D943FC0C703623F1432D4039318A84194C27B3768D020F6C324129C3CF4D043C443A89451BF100F6A16BCA1878130F5F44817B4A50C6722474988CA1414285E78A31917B7389E7EFA69DCD2171F093CE09025639AB0808BD812033E6F6CC88372063D0FF11018524C0266BD1863968C9B366D4A0D1F36CA686B098C11D19033FDF2818C56748AF6950F5B54C6BB8FFE93A760A3C6E4ED66F8C0448644D82842F990C39F51033936266550BC599821D4A447CAC878D04AF1F188B56FF68B83069F81F8166486E721819F3C01BE291CA18D2C2ADE51906CDB5C901109271F178EA8DBA7E731AD6E38A0E1F0736E1A7559AF91957B65351A30ACC6AD379FD5A6FF995DC79ED7EBF6039AF73AB2F57DB5EF8C67586FD9F68D72231DF7DEB4918FF53FA11DDAC8A127764C56266B17BC3AF00F1DEF3EB4F588433A8D38AACBCD651A7E3DE995E4A3E49AFFAEF5E799CB922F929B8E6C34BC4CFBFB0EEE38F0B80EC90694908FDF7A78B37B0EEC38AA4CB7DBCA344F5627CBC73ED1E7C876E30EBF61E4FE570F3EF6EAD1F5EF2AD93792A9943D153313D39E07B9884ABED491CA28A3D326D9AE5CB9928C4A0E24635089D9871F7E78D14517A1C446B24E8A401B491622759082D80E97844086895960C99225DC1A3B762C97A44D64DBE8184923189342C3064123BD908799059895987498E362B32F76AA2481B0AF17BD30F5F4EEDD1BFFBC35681AC9FCB87DE08107B8857C9DBBE41C7C9203916232F7D5AF5F9FD9841C4BB262664155C82DB231036414C8B9994C515DE2817E2355528F24928099E9C881ECF748864457C9EC462B72321D7197CC4CEE0D149CB9855291698E721CB15D7094B167444CCDC409403CE0160814989499B6889CB98F99020834211BA3D8218B92F099B6987D30E6E9B100410BCAC695487DC68D1B47A645298A4295266457CE31AE924FEE37E29F88C1B304242081EF264002214372906AB0CCCC8025FF85A14C2112CB9C3973508693D3CE3AEB2C9230F996DFBA643FB2373F53F9A1C8DCF1D65B6F614046E527253EC34F4C2E642A6AC21BBF63B9850D07499E26F8E1205DE396333E994730E3BF36C48007F22739336263CB4712260A4C420AE7D4133C7E2870E01C7B0E04EAD163D4479E8C320DB18FE9266AA2615AB62001094840021290800424200109484002129080042420010948400212908004242081BF48202F295859FC598F79BD9B4CBBAAF9C3AD2BCEAA5E6166D50A536B5E99D5E8AAF93D6F7F71CCF52B86D69DDFA9F9FC6ECF256F7D9C7CB52D29D85894CD333FB7F390EA429E5999D9DBAA90876316962CAE253B9FADCDBF39C59BD7255FF6B8FFE6FAB31A569F51ABDAB806DD17F77A2979E7BE17C7379BD4A6E1A8A6EB93F52FE5BCDC6C6EC7CB87D55CFAD5D33C44BBCA987A7516B7AABCB0D139775FFCE4DAA73E4D3E2F3FB656F9F9752ACCAD55737C5DB4916B93CFD9CAF28AF9CDCF9E9CD1465EF19DDA4816DD880D351A320616DA585F43508134225612A941ED86B081553914202CBDC5C21C120BF424B18A470D6B7CE81C1093A44B756C5DB26CD932241FC8E430405FC1C21FFB712196E31233747D883D1075B098881F760B449D827C8E3291C4022281214DA153FC70C603E70803AD083A37041E18B0B316AD58C744A889C204036427DC65B511091CB732F00B0A512D320ACAF4851FF6D4A2CC4130B49D357316BD103335AC8A820549093B4046732A29A0E1C44310E31CAA1BEA113DD2179734A4238CE982A1B124CAFE63E110449861C3D06274F48B9405D95EC84830232A6424143870CBDE92ECC415BA47DC86E7B80BC656AD5A01903782D5522A192FB185B814A474844A2795B8A03CA10C1F6E1115D0C22D67DCB2C8CBF9DD77DF656B35E8B151270EA9216604A2A10CE412E128A2179677233C5C51A02DA3E0BD436718AD103D2295249E008519234533C3E850F5E08D2694F9FCA0B9E556D0A0F299679E4124C3A8B1A13928183E1F2AFCB04B0F3EB915C604C3872402031461A30B225AC240D8491841036F6CF31861F06E221FC20FF150C33B4521DE235AD1844B3E7EBC170896B8C4060D0F7122CE8C371A565C22A0226CEE7260E621819F3881F8AC22A1E399DA8545DB8A926DD9853BB858B5E08D6B4F6CD6E70FED879C7FFDF2BE8FE43DBB811D1AD9B691A760A3845CBDF0ED676EBD7FC0499D7B1DD1E2D6FF6C9BBC969DE426EB366DC848F1BE7D7C873672D8091D13A6B745AFF73AB669FFFD9A8C3DA2CBC8633AF53EA159FEC20F933549F3132E59BDF45D7AECB25FB5B967F69E774AAF7B7FDF85AE3F59F0CAED87371F7558D7B165AEED7B4C9BE4B364F9C8C7EE38A2EDD843AF1FB15FE74147771A59B77F46E69F53C8C6CBFBD246468CE401320CE982EF2CFBC792CFA90708D23E94276451BED428FAF8D6A3F12393C4979A3CC3379D861823654430137F02807E06457AC860D2AF3F69938C4AA6223551192A7494935C9237D8A296BC44AEA3CC648470854E537E24BDB973E792572387C7DF2090B58893DE91D0634F06A3CC4098B070B57CF9729A93FAB041D813F990A98DBF082025728B33B90E6382419CC340988B1926B750813247508943E26177DC9820B064825EBB762DA07861C02C803DCEB98C2EC233CD81409926B1CF33056C505D728B7A0E868C74937E29D351DBB66D29B3451B978481311D6180283D1238F5D460C31B415F34A126668D3873E921010948E0FB13208D64949125DA48CA1C64AA684E9902677EE98536925FFEFC1F8764C80F63CE54B23D2F299774B478F1629CF05F0F9AC741E6242FF1F735FC4E26B1932DF9CF08D2C7E79F7F9E5F95A4743C90CDC8CF6448DA52667E891FE7FC5158C48013EA5151D2056E39F3D31D1BFE108C0C1936F17F9F2873CE0CE69FFF79E9D2A5117FD4D33635A0C0F484DBF85F0C66C4B99B416963CB12908004242001094840021290800424200109484002129080042420010948400212D893C08EA4E0F5A24F5A4CED76F6804B2A4DAD566356F56B9FE93C71E57D8BD7CC7D69EB4B1F261F4F5F35AFEEA866CDC7755895ACDB9CE4AEFE6A1DEB5B6CD555B263242B712C60151715E4212360ADAA30A38DCC9C776923BFBA6EE16D1766553D677CC54AF7D61DFDFAE4F7934F9FDEF1C715C98B2F252F7E92ACFC34F9F496A7EEA87C4FAD651B9E5D997C5C6F52B3EA33EB5F31ADC645432A2CFB6CD927C99A8BC6D53E6F5EADCBE7D7AE35B1C183EF3DB826F9ACDAB84615E7363B6762FD0BA6B4A830ADDDBD6F4D2DD9371281C4EEFB46124F2CA2718E55391E6FCDEA5EA8294041FD8C1933D85F11C508F5D873A0D940C2117743EAC6E260081B5038B0E4878A23048D6C2389E6044BD6F550E8055B7CE28155455CD19C2545162291F9C5E34AA964510F8D072A145615D16A224DC139323922E4CCA221BA0EDCB2250B7DF14CE4D42D4F3E6571907A9CD0237B54B20A197743B01197ECE8C556308C885D28918550C90683B8252A9A732089616593F146F078A000046CC21B6782A492B1808238C3262B2B8B5551BA46CBC7391423D860C0435119058210B6EAA2776E8501BA1A0C684EBF2CB3A6FED1B7B0621B7A12064E5F1CB0C298D171669B44442C98C51B476C0D1A3408850C4ED8F910871430C686EE28205C413349BF692FB4E5F1ACC48031308933E4ACF4851924E9113E7487B693B557DE296ED12A5E40B8F9E69B69CB82325D10301EB88CC7A6F3E6D2110F4FA73E361A8D567C3CF08C2B2E1155229AA52F5A71300AFCD31D8878CB30A08C13DE714444F1F661400D3029C407958E5019D19C5D1F636894014EF0614977788600973C2D9767BBB3DECD5B8C19BDE38A0F1B3A55C49F8C28F49F1873175CC4402BDE382ED9C294BB8414AEA22FCF12F88913E02BB475C796FCE26D6C1D59589887D0F14F773EDCAD4CC39EFFD56AF9C0C5C93BB96CD8C8E490B7B518D964D1F6E284DDAD3E2E7EEE867977FDBEC3ADC7B4F860DC0BF95FE7A36CCB7C15BF7DF045E0F8F633B54BED1BF945F2FED4A76F3CAADEE893BBDE53A6CDED0736EC7756BBE4A5ADF90FBED7F8B00BBF5CF631FB19DF7A4C93F127751D79CCD5EC36C92E919FDFFF7ADF32ADA61E77F394636FCAA825BF48DE9CF0CC9D47FCB07D23232D44A62269209FE6CB8BDC9A1C45CE249390A6D84992C85133728B0CC0DC11F30ED3107719254EB02111A148610EC28CA44A25D90663364224E991553066A6204B3037C5EEC4F48BABF0C02D7217659AB31B3085C88A5140E24E7D3AEF907F2813241906A936B26D22A48CA89B0C869E9032199E398B20C9C614A841244F397238A91587F8A19E0448E20D910F7E883C265906CB81B0871C089CC86FB8C286C879B42B1E90F7C714CC5D2AF1461AA79EBBD470178C0C36A61B32273160C6A0381814581826AD88277672A69E2E386346BF8C113284CD815BA61E36B70460A67DC9AF0E82A1233C448D6709484002DF930079839F941CEC1B4939525CB425B1909C39C71FBF907CC8905CC6AF3EF221FBE2462AE3CC66BF1890A9489ED8E081CC493D7B08339BE09FBB91CA10B17337FA65464078895934E14C9EC4333551493C6448DA628F431AE29F898686FC340D3F6140398E92D1EC531B4917F88CE4CF54855B0E86C9995B71ECF2E4BF12908004242001094840021290800424200109484002129080042420010948400212D82701B4912FE7ACBAFAFE3BAA4E6ED6F491763DDFBC75FCFAB14FE53DFC61F2EA17EC9394AC1EF7DEA4CAF7D4A933ACE97BC9C7B94921CF1E45445222846435ADE429DA456821F38B93FCCCE65D3BB59108AED83772EBBAE4EB6B17F52A37B6CAF95955DA4FEFF2C4574B5F485EBFF3D941C35E1D3A60D91D0BDE59F051B272D247539A4FBA6AF22BD3D046767FF8862BC756BD7272F5C6D39ABEBEFDD557735EAB38B549F9FBEB5E34A77AC5D1D51F78F78135C9DAAA631A5E31A7E9D959F52E98D4BCC294B6C3DEE499DA9B587F2BD146A2D9601FCB9D920356CD583E8B91B378C7255BFCB1D8C7C629B166C74261DC65A747040C88343063150FA123C6B1FA86D401191B2B8C3C1B8EF53E1E918C2E825DAA904F74EAD48965411604292311A1126F344496C60683D13B8B7AB465ED8F9DB24289173D1218DE10A7718907246DD863492582497414C440AB50A1205DC3861546822418CA2C68222F495DB1E115B7629194264B972E65232FB4229CA94498C1A8D975F0D9679FE531CA6CCFC57688CB962D0BE738A180EE91B5CB4F3EF984CBF0432F94E985308876C28409C4D6A54B97D8DD0BA1233D820B9218B0FF18AD40C40A26DDB169216DD9568B35561E278A198BA1EC45838004B52767B4A3B1A521660C1C83545413923FEAD1B7D0051B8E11095DD305955862CFFB05732E7185768500B0C103E3850CC3E17DE10C2BCC7854341BA0111E4E90B3D28A8378708273CA6CED056DFAC233979C69CBB8783B889F7DC3D85493E7A5B293270F4EC549EC6089256E698852940F12ABCFB48A500989BB3C719BB700392E621BC246A18AC68630781115A253BA08C86CCE067C9A70E00ADAD8C425E7F8AC327C9436A195658C679E7966B45DB97225DA5DA2A20B02001A1F3F34992C22C78693B86244D4F3D684CF10F6F091A06138A1868F3DA0801F10D2DE2D48E0274E8049677BCEF6C224B7B06847416E41F279F260ABAC7E27751A5FBF4FE14B5F20504412995B54BC292FBB2029CCCE6307C2E28C8E7EF98EB197F7EEFCCBAACBAE9FC5049253B46BDA28355ABE0B1CFBD4466E4ADE9DFD4CB7B275869F7A4D8F5FD7EA5DB6C59456831040BE7CCB9CEBCAD67E7DC2F36C2C39B2FC8DBD0F6B70D3FEB5C756E8C92E91AFDCF7C880235B4F2E73DDE8FD3BF53DAC0506EF4CFC63BFA3DA8F2FD363D4015D8696ED32A6C180CC54C6749AF0B706DF2481524165A4267CD939A292C74FF3956762223B31B531C721A246BD4F72637E216984E01963BEDD88C0C915312D32E990135AB468C1D68E243A3684C406E76CD5888871E2C489AB56AD226B712B3A428E1853127E624A2267465AC61E6D24F9074B88317F91769808B047E58E08877907FF8B162D42C9890D5D10330F75C5984B1226E9884204465EE292327751F2E39986E873D897123FE818B124A1E19C293B643F74C7B848A4912D71C8D0681E0EB18FD8D8E3914C4B60D470D08A1724C9F0CC086CA4863D58E8940831601E81181D818554C9110251B22B0E3103750C815BD8A3CFC70F399FE995077CBFF6DA6B245522672BB6F4FDC22C9A50F090800424F0830890A3C8481C6823495F698AC3098985DF729C43ECCD8F3ACAD8F05336725DA4299A60C68F6712389996DFB1919DC869E18D748737B21F3F35E988C4183F56C9B15CF2FF8BDDFAA51506F41203C1064BBCC5EF558CFBF5EB470D0731634672264FA6A3C69E03B7D17B0C249264C4CF2442DE46AE9F4688250777E3485D5990800424200109484002129080042420010948400212908004242001094840021290C0BE08F074EC8F8B36DEF9E8985A93DA5798D6E4E2E9B5ABCC6D5A755CA356333B0D7963F4BDAB27747FEDCE1A0B5AB658D8F98DE4BDADC9A6C2C29CDCE23C4426192143014FD5465C998336122D476823B9C1D6914825B34BB491D7DFDFEBF2F1F5AA65D5BFE7B1016C143967DDC3F5A777A833B3F1E583AFE83EA3C787C9472F247FBA7A76979B66F47C3B796BE197F3DB2D68DDE6E1B6035EBA6B75B272C2F3134B6B231F7CE781CF92B5D5C734AC38BBE93925DAC88A93DBDEFBC634A2DA531B992E995160412DD6F21063A06D402E82C4220C582B444382A602310988586E63DF2D0E16F5583D648511D54748C878B276083630631D907AF6D9C3864B96FCD84E8A2EF0C925F6D4B0FB160B8E38442FC1255A0ECAD8F0A253CA08E4900B86E8824B560C29A3A66313420226425603E7CC991351B18EC9F3B5D9320BC90ABD1021DAC2F08F3A0EF90A8B9878C609478441C02C38E219592377796232AEE2080109BDC42505D48CAC57A2998C1A3CB330FAEAABAF9E72CA29E5CA95632C0C0A44F415C123F50423CEB147E5825C109FE8FD18692CB3520F552EC321B2C07413483C04226EE1218010036F04C1476C40E339D1ECCA1563A16B0E2C69C2C3FBD8648CA1514684838885D1F17E7197C7F61155B84564C8C66221DA0C7510C1B0D9661A339BAA5126180E643F112A4ED2CA850B1752C9C3B2113786629308797CEDD1471F4DB4B4223CA20A685C4678ACF9221C851E9BA1112496006114E894F00640C2E38384029602669CB124546CE28877109D6A848A67DE7D86C643C031E0329A53C039CD792F526925284E3DF554CCA8E703C02531F3B942354AEFB1E4CD5D42E216FD6286935849E701B51100951E12F8B910E07B57A278CCCFCDDB5EB483276A178F2C77FBA0DF7579FCF6A9C9D7854976E61B9D93E46CC9DBCC17AE2077635ED1E6E21DD9C907F9F3DB8DBFE5A816B31ADF936C4CD67DB1735BBFD2A38EAF434171017F0E904BEED996ACB87BE7BE91837EDF9E2774AF79F6AD5BCE6F7BCB492DBB1D56777EAB51EFCE7D297965EBC4F36F1A706CABD13C1DFB9DE4EDBE8F0E3DBB539F335ABD71EF63C93B5BC637BF735099D6130EEE3AEA371D6EFF757D1EBAFDFAA827F7A28DCC7CADBF11F9970E89325131A2F82EF3EDE631D34C2E24A8C85D7CB5D910922F3BF23C723E0554F1A4C74835183373E10463B222A903C1094A42B2133A43A6333CD384FC4C01576C2649A2889C8CA09D5B693084C1653C871A9D3965362B8B5C475BE2897907D96134C11EFF9C49386C024C6EA41C7F9E4054CC3E98D10A0F246D2E71420D65368D6498C44FC623E648B3FCF541041397DC22079254C38CDC4E92C415F538099BF0CF2445220D853F79158CAB56AD42DF8E430CC8BD9C698BE83DF230017049CC4020A4109762C30176F667E647056504F6D11D5917CD249754E29C4AC6180130DE38328D3D24200109FC70026421922747682377731039F699679E213D72F06B197BD25724221229798C74C4250DC960D8F4EDDB37F25E6427ECC9A2D87049EAE3A73BDE4865E452B494FCBF031123CD3922ADE1302DD396CA929EFF01FB983848B3F44546E50FCD982FF865CB7F647015C9995B311CDCD23C8693E6490AFCC8E7773B3608F5E92835C038CC3847A567094840021290800424200109484002129080042420010948400212908004242001097C0701141FDB9364EAF30F5E33E78E7A933B569EDCAADA8CD6170FAD5B7F6ABB8AE31B5699D3BCFCAC5AA78EB9F4FC3195467E34F1C9B54F7D99ACDB966CDF916C2B60ABAD829CFCEC6DC8238B8B788E1B9B4616E616714EF278C87671DEF664EBE7C9861BE7DF517FDA550DA7B5CCFAF358948DD73E7647C5C94DAACD695C754A83737B5EFE74FEF29793D7AF5E704DF53B6BAD485E7D3979E9AE157D07BC3560C116B694FCA0F58876978CAD7DE19C3A97CDAF8BFD820F17AD4A56571DDFA0D29C26E74EAC7DD1942695A7B419F1C6F45DDA481EDF86A664A7A4A4F4E25AC842A861356DDAB469682DD0512087E351C5A3478FCECACA421AC1721E0B792C11A227410D8278E3C61B6F3CF1C41311ADA1F10320F23FCA3D7BF69C3C79723CF4130146AC39E20D05052B80ECA685BA039D21DE504D4C993285674CB3C55F2803230016046985C6031B747DB1E64865048CB48FF5CAD054A0E2403FC9833ED143F2343A16071166B050482FC83243DB86F2247486788B77B943870E3D7AF4204816319123D2178B95848A67D616D9550C8D25670433DCA209FD5240CBC16225BB2352839006FF6C7B189E070E1C48253E51FDC184078BB39117DA95D0E3B15849D7284EA1071CD652E96BDEBC79E86D0838A26238440B70FCD0174DD07F72974B80C7FA2965B43780BDEDB6DB78C037BB3532F671E3C651CF6A2F6F0ABDF3465000356EA377EEB2E48A73C6885B36ECA29EFD2A870D1B86676E6189372E41C12DF68DE46D8AD55BB6FA64A598E1131E3B4C46A8B04D975F792839B2CF152B56D04B1CD8376DDA1492C808711B9F133E3F6C0EC619392B662CFBC6DE9ED08860786E3B8219E2C73EFC5066A4A19F61F894A141810F4FAC1773E66310E36547B873CF3D97F0A0116F16CD914A328AF8CC84069526D420CB415ECBBE91483A833FF51C04C05B43EFD105636468BC6B7C23507EB2DD1CEF7E2C61631C417A96C0CF82009FD8CCA3B4334AE3ED990D21D724BDCA76B8EDB016AF0D7B14F962929D147EBD3DC9294CB66C4727C9B91833A6AFCDC973B73D3CE1B2BE779CDE3E59B53D23F6DF436111DFAF126D6451215F8B6DC9F2C18FF43DB1DDA083DA0D39B1334FC4DEFEDA1753DB0C7DB07DD64B3D1F489617262BB64E6F35B4CF418D071FD2BAD52FAB244FD2A0F8C9CE1317761899BC53BC65F13B37FDAEC1A0835B641DD479E2615D6FFB553D427DB9FFC3038E683FEE88EB471CD47168D98EA31AF6CFEC1BC9688AD99379EFF8C951DCE09BCBF9A5975E221B904EC3945BD4A399210990A0903B92A8C9094C73E4043230C61C240AE61152014F47656F311205D93E1CE287BD1011B190EAD978969445E6899C102A41DA92A9C8C958E20A7D3594D813925E98E6982C48FEE413364B8C3C8F07E61DEA49C203060C603745BA26F33099E2015738C409A9923C4C0D1304A92F9433DC62EB450240EFCDDC444EBBE5965B10EA102A7F564013EC2387634930C8F8A9E1204B33FDB1CB31A3C0980843FCC32D36B18C2479FDF5D7B3D13158B064BCA4419C60803DA9123179C651897C083E7888C7B932F73131E18D0357CC05A0BEF9E69BC9FFCC17CCAA6CC289436601E6599C93FC8999B6306480700B98F1D18A2E3C4B400212F89E04485064240EF23C655A914CD2B664182A536D647A37B5A140A2E345222235915D918593A0520F1448AA71C95D8E65CB9691A8711B97F14C6D9A73E0877A0ECAF11F0A1A9215092F9A4456A7923FB08ABF69424CCE7FC1987722F9130FF916CF644EBC459C9CD3027F4F44C626BD935D3188C0A2D3300BCBA8F72C01094840021290800424200109484002129080042420010948400212908004242081EF2050589CD162AC4BB6BC9DF7F1FC0F960C5F3EE1DAB9B7D61FDDA6C2BDF52A4E6874F9B47AE74FAA5A7E6AD5CB66D4A832AB61A3696DFA2EBC6B5DF1E7B9C996A2C21D25DAC81CA429250F1E2DCA29E4C9DA196D647671F6D664FB9AE22FFA2C1C78F1C09AD72CEBB5B868D90345CB5A3C72DD3923ABF194EDCA739A54CE6A30F0ED918F26CF4ED938AFDDA26E35C636BAF3B5214F272F3E9B3C3FE9B3A9DD17F7A833A67195A98D2BCE6E7CE582E635E7B799B6EE816792971A2C6A7BDA888B2F9F571F278D1676DBA58D44AAF12D6D643A5E16CE58B64B2F29BCFDF6DB480A9167207260090F5D04659412A1F7602D8F676EB2124725F212047BB1BB23024B44772CE121DB437481EE8E7A5603595564C90F1921CDE92B842B0808D95490253F0478C833AEBBEEBA906DE09C83183EFAE823B66444B017EB7A3CD58E02720B1601D181C44A25AE9056A25421488CD12BB2BC18F61490CC85EE050D1E07620C868990AF79F3E66854507B229244A0128B89AB56AD42FD8213E2675192C8D16D1246AC30C68A248F08C70935ACAB22DAC492ED28478E1C19E810B4A03CA447B6ACC433C1201CE579D9AC6FC20A20448B1407252736C845D0C320A76453321AE213854C1060A1934B064E30F11472B871D00BCFDD431543BF1C6C68C69E99B48DDE79CE29EF053B9E1121030729FA136E61C01BC10E9310830C1B5D2202A4397D71C90635E879A08192107DE959679DC5B8E89D5B2857919E12306347C383E8141B36ABC467FA1E9D70C209D8B32E4C656067C9186D0FAA1EC2E34D67E00C16894E49C8FF8042092004869491261F7CF0016A193E030027660E0ABCEFF4C81B8A076C38F04CFCBC5F489528C7723381B1EB1A01E399CF271B514223DE4AA265DF333E15E92566294CDE6886CCDA34E25E3EC68C1D08BC4718B0DD251F30DE26BAE02006B45238A10C0AB88543CE31D808CFB3047EB204F8A07214957C62F312A6A0A282AFF278AA75BFD3BAF63AE6AA1D333F48FEF855F2116AEF84076D67CE6B12048D99A76C5358917C3EF4B5D1E7DDD2EBBFDB265B92DC0D1BF77CA876F8471B89636635548BF7DF30A1EF1F3ADDF99B36BD7EDB0A0FC99B45C91B49F27A923CF8D5CADB1F1B73C18DFD8F6939EEB8AE830F6CDDEF8836F79CD6FDB3C17F4E1EDD982CDDF2D9A83F67FDF7B5830E6ADCFB1FABCF38F1C621FB5F35BFFC8064DEFA8DC35EBBF5FF359E7BEA1D138EED7AE751CDC735ED97096F3B3368EEBEB491A8F8088C3785339A43B2011B36C665645484F7A41476B8255F9155D895916445A6C2982C4AEA239DC22ADE56320F7799C8F0862A9EC2CB2FBFCC74461E63F26AD1A205E98EBC4A3D49957C1E1D455B6C9825694852224FF2E703A43B523D0D514252CF3C853E9064451EC30F4986BF4D20C16289592870483824221AE204B7DC453943B2222F91B8E877C99225C4439AA509D331731C04D02E92C16232A515998DF988C44B2B2E1920127D9A90D942828E9FC8FC74C7B3B9D9888C511315731CB333F6244602A62DBA77E638C6853DC68821B1C4207A6146285BB66C4CD0F82418A4E92476B23489172524B7D8AB0D6ECC56F8C715B333DA515CF1E2EDE08CAB0886828704242081EF4F80B4C32F4F762C5FBA742919928624132AE34FC0B824913EFBECB3241F8E701B59316E619C5AF2FF0EFEBB81193FE0E3873A7731E307794C07246DFA8ADFC0F48525BFC0E9377EB1D311FDD23052376D997A688819B91A3FDC8D00A2EBB163C7728B5FDAFCFE673E22AA6848250749327EC6E39C7C8E1F0E7E9333617197341B293AEAE98B42EADC8204242001094840021290800424200109484002129080042420010948400212908004BE0F81EC6D7945ECF988C0A078C7FAE4EB8F0A3F7D3DE79DE7B6AF18F1FA94BE2FDED7FE811E88182F1A55E582F1952E9852ADE28406EDB3BA7E9CFF714EB2293F6F73715E76C2AE5D0585A18DCC2EC8C30FBB476E2BC86823D715AD9BF0DCD41AA39A5F3CAA76A5A94DAACE6A567E52AD4B66D4A9FC40D38BA7D7BC607C952BA6D6E375E5F486D5E634E555635E8BD68F776DBDB853CD29F52F1971E545A32A5D39A33EF6E74EAF79DEA49A08359B3D70F54553AA9F36E6822A0F37BC6446AD2A535A4EFF6451C9BE91A18D8C4D2377AA3E62ECBBADA0B1A616E284940C06B12048215DCB43DE10CB7618A71EB89B0AE768CE3A603841F0100D59730C63CE2CE471A4AB90186343471C14708E2B641B114CE956E99E2D38673992866CE897C610059C708B95C458A3C4321E4E1AF1D02907367199C6C925DDA52B8F11360EC3279B68A17E61C3492E694B782C7AC6A26AEA2AC49918103F8F258DE0B1614451195DD0300208CF0440B4618C01DE183836DCA52DE72844B494A3909EA9A13947E9F12256094BDCBEF106FAA49D477040A318D734E15DE08C191E52E784C7F22B360443F0480AB9A4C0414D54D2301ED58D194388CF034E701558023E3EA3267A895B3BA329796A364EB0E108E911B7E825543D54724947E18A335DA76D29E09950A36B6EE19C9AD29FAB30E67DC1277739785BD30F4C7C96B8157E30C6090EA31531708B4D2F590167B35382D9ADF730F32C819F2681CC978A6F504625519CD14632F7300F7C9EF43DEF9A5B8F69D1E9D7D57A1FDFBADF491D869C796D9F93DAC7ABD7296DBBFEBEF935C7351DFA5F37F43FAA53D7FDEB5E7B72A38C1C91C7667FEB9BB773C4D4E525859B7694A4FA4D85AB66BF7CEBEF5ADDF5DB7683F6EF34ECF41BFA9FD9B5EFA99DFB9FDCB1FF31570D39B2ED9043DB207ABC77FF76C30FEC3460FFB6B7FDBAE9DD275C73EF59370D38ADDB6D659A4F2A7BED7DBF6876F7BF369A7854F77EBF69D9E35FEACEBB74E880C33BF4FCC73A63CA5C3D68FF66771ED36CEAD5C332C1A0EFDB3D0B7EF30EF09DE57BCA979733075B47327CBEE058F0F50F3B7251C8F9481DDC456B1DF5A4AF50807319C921CD2D695AC09E7487676C28A3668F42EA8742784BD3635CD2843022DB5043862F5D1F29376D4B1718130F36848D71F4C8259624310A690D975892A2D3CCC688A223461ABD30AE68483D351830C08801FF3484588C314D86D130CEF48519E151481151439C08DAB18950B9C42D655CE1937ACE9463568D8039D3176654520880718B9A20400C51533A06CB12908004BE9B000904BD227F45B574E9D2F8111BF66421720E798F9CC32DD489FCF117C9900C4FBE22DB44813206912469C8F6B66CD28BF81069F7238F3C420DFEB124F5F12B9DBF72E2D6A2458BA20BFEE806A1F8A38F3E8A0135F8C48C5416E93A6C38237447B8CEDDC899D444774831D9B91D87082339534F73CE0C874B26B248E65189009EBF27428AC9407812379738A42FEC6338143C24200109484002129080042420010948400212908004242001094840021290800424F08308ECD89E174A0C140FDB8AB76C4D366F4DB66C4A367F927CFE5EF2E9735B5E5DB4FAF1C17F1C79DBE3FD3BCDB9FEAAACCE1D4676FD3AD994936CCFCDDB9AE4E7B16D17BA9278E5952C5DA18DDC92B79DE79B6E49362F5BFB4C8B591D6ACD6B567D5EE37A0FB5AC30B7D625B3AB565858B3DCB4CB2EBFBFD679D32B9F3AE6E2D3C75D76C18C6AD596F0FCEE1AE74DA97CD98C6A174CBCE28229952E995DFDB28575CB2FAC7DCE82EAE5E654BF744AAD73465C5AE5E1FA972CAA76C1DC8AE56756AD38B9D1BCF58FEDD246A288D88B36724F14E99A5D2CED85568132EB7D482958378C05B838477356EB10A4518E653BCED873992ED5A5B7F0968AEEA22D35611FC20C2A2994768E5E225CC50222C6348935CD882DFC70E616CB822C80A2D0E0121BC2086106650A0C213C872BCE5846BF9469CE4143C6C81957D111A3E62EFA40768F61BF472E314BBB6638448801CEA39E2E7851C643048F31CBA3B142CA2D8CF1CFADA0848728100C852863C08187B480FFBDDEC24FC0A7170CB8247E8C69183531282ED302652C318BF052B71179546203991851B4A51CACE216C6D10B97140208368C82323518E339EAB1E148B5A3E99A75F4187729D3351B39D22410511F3153C3DD70153529CC685B3A306AD24BCA34840F6DD34EA349DC82301C8893831A3E3C219A8ACF00C21E76B01C326408F18441DAD682047EE204F8CC678E2284FDC5B94901FAFC8CC47F7D7277B59BFA9CD261C0D11D471CD37DF831DD871ED975C8115D38670A4777BAFBD836BD0F6A34BA6CB761475FD3F3B0E67DCB774D3ECF4FB6E7EF551B893F1ECABD3EA7441BB9B970FDE237EFFCDD5593CA5E37FFF8DEA38FEA3EECA86E8391351EDA69D8419DD0438E3DACFBD4A36F1EF28B76630FED9175CCADF71D7E1D3B4CF6DDBFDDDD181CDE65FAB1B74C3AF4BA1947F79C79C21DC30EBC66C0019DEE3EF49A1EFFD46042996EE30FEDD0EB5FABF73AB6F1FD7DA66C5BB77DE3D66D1B766CCD7C5DF77130E8C80FE97D542591ACF8229310A8C786333981CBC80C14F8FA678895A8CD39D32466012CA355E446EAB9C455896DC64FA40B2A31E02E39AA7400D4538331961C9149C239E734D7510E83F08CB492C4957A4EEF869F8807B7A5731D368C259AA4691C9F94638EA09CDAE381321ED25B04464D9A273188518443A28A4204C9390D0927D18A9A18290D2342CEB8E5927A9A130985D443E9026DD3F98E5629AED23696252001097C3701C4878809510CB28F2E9BF4B2ADEEB9E79EDBB4695336CB9D3F7F3E6DD96B37F6ADAD54A9125BE0B2A579C3860D29B0E93D7BF63EF5D453D890822283B1972F5BFB225044FAF8AB5FFD0AB778636B47765367EB5D0E94966119FDB28523FDB2C73B724AB66D672B5DCA73E7CE4D131AB1EDA68D8C344B62E48FCE621FC8D04612065997ED889171B24F3B03610F61363A4693493C0C817A36B4E7676A0440A68D14CA65CC32DF0DCABB12908004242001094840021290800424200109484002129080042420010948400212284DA0104561C9C1E691881C0B929C5CC414799B1137EEF8FFD8BB0FB8AF8A2B7FFCBBFBFBFF76F7B7BF246BD61A6389B16B12376A4C9424C6820D95DEA5174140C54A5104441011508A48EF020236EC8A25D68862C5828A1D6C08C2030F4FBDFFF7F73978F30DA26BF4974DB2CEE4794DE69E3973E6CC67EE9DB9723EDFB959B9CF8DAECAD6BC977DB4ACF4B507573EB6E8E5BBC6DD31E9FD6C7569B6BEAC7C03626455B96F8ED61CBB5589E8556065945594FBD8F626C4B7AC64F9A657CE9C7FDEF163EAD71A56FBE8B127FEE69AE34E9C55BFF1A2D38E9B75CAB1B3EA9E34AFE9B1331BFA3B6A5A3DD4C713AF6B7AECB4FAC74DAF77CAECC627CD6A74D494536A4D38E1D7934FFAF5CC538F9ED9A0D9F51D6A8F3DF9E4398D4EB8EED4E3669CDCECFA7617DE33E8C98A9736F8D669E183DA3931F24B48259B47EAFF1015C4D7FC214BE47C863CBA97C7DD28A80D39216E494E6F408440BA10EF43260CF6058508021640F88CA3125DBAA4193D0677C2012F2CAB25946BAB171417D43B0AE1008914970A618A7E384F87F3C1CAC8ED5023A753685953D6B55A7D055144995C2EE018960D2A7C20C457914B46173EC4A5DCC0996224C692CB156244B944C300479E8F25AFD53B9E49B074F44B590A0714E807E0F910340C874954691B237209794D7205B02853D0AF02B5301BEE99A39C9D1206A3AD1C860EC989DE35F1A749B465470ACB0AD1B04656C8F8A32A84018EDE3584156BC608AE5C390A9AC41407382E153810A8E6341ECA2C870EFBACD15420D43CA68CD0A57B261C889C24772CC6E232AA0207B9EEB4D517F79872492174C2C9942704FEF611889BB6C08DACCE7023CB94B0D23EAC18D97AC0E0A37A0E39B0FB809D3B5CB86D4B7F17EDD8D65F3FF94EA70DD9BF7DBFDD9A5FB157D77EBBB41BF8F3B3C6B7B9325B6309F3906C3962F62BB2EAF559C5FAAC6C9393299D0AFCFCEA490D068EDCB77BBF7F6DEEC8C7A1BB9E316C8F3387EF79F6C81F9F3D68FB0E976CD3E6B21D3A0EDBFD2C7F4377E93E64D7EE6A47ECD573C41E675DB15BB7E1BB751FBE4BB7A93FBB78CCDEE7128EFA69AFC17B9E39F280F3671F3A60EC3E3DFAEED064F831E72CBDF90F06F16955C527E525855D616B299ED378963DB9B104518C075F419575A37825F1B093C7D2A41C1614A8696515554BC89482142B52B462CD32A2D6654894A5D05445815C1E0B14099B164039A1DC22E332D6229ADA925BEE145CAA0D2374D874297120147297AC72FCA710661582881E6E84414B994B98C8D9D4D6D0E887CE56733E684547D2239D184820132E5100669403551E86663471A93B92C0272F90878471E5E8227090E718D24F2921901048087C15041C8ABECF3EFBA00EEEBEFBEE1886120E21D6A21C8F71E0C081562A4CC5030E38C0898B24AA3015910CE378C6030F3C70C28409161F29964A2BDE92254B7CF01A6D1271113D92E676DB6D87A9D8B973E79123477AE1E4D8ABAFBEBAD75E7BE9CED1916CD2890327A3EBA14387B243CDC9ED3BEDB493DA58812D8052BE12120E18300019120F93726C34871C7288F32159D68ADC40F6D8630F644E87D83FF3CC33F97AEE005ECDB5D2119B310497292504120209818440422021901048082404120209818440422021901048082404120209818440422021901048082404FE4B04D03082588239E183A485205685732037FF8943F95CB643204BAB2B3764652559E9BAACF4FDF2D56FAD5FB9B6AAA4BCAAB4B21C2125431F297C92BBBA60AAAA8661A2E1A6F2524CC9AA6CD3A7D92737BCB068DCA353872D1E3DECC1AB2FB963D0E50F0DBFF289ABCFBBB9D7C0C543FADF3DA4EFA2FEFDEF1C3CE8DEA172B5E72FEC73FEFCDE17DDD2AFDFADFDFBDCD4B7DBACB3CE5978E145770D1C72FFF0A1B70D1BB57874DF1BFB5E7EDF90A1770F99F6F88C37CADE29785E38F02BFEFECB111718208561D67045B6D0465D08894284F95C2A04A5010B428AD89C485F6886A9B0199250904721E27779142FF4C32CCBA116B92A8550D8220FCBD18A0FC50D8B7DDEA2555C528E26C54E2AE743A0C0329E6498529577A7409827974CB9CC75C44C23E8197D85FFD19C59421281DA086E6A1B16421EA326C90BE1A7DA70356CC6254924BD877D85E2EE8A6DF28A32B508E9863E7F245D4894E5E422B3FC8FAAC809A3A32844DBCD7DD7FC5FC8A3390153061897AAB8C40EA12123F3E43603B4E0F9A88D4EB5925C462F0A2E59D350618BAE5966243798F795038238C47E1857ABC0BDB0A36D58A3109E7020FA92870374E8875ACA13027F1708D43C9105667E5975565A5DA02F6EDA589AADAB7C74EEE287AFBDE391518B1EBFEAB6F87B7EE2034F8FBBF7A9B1773F3EF6F617E63DF2D2FC27965CFBC8832316DF39ECB6A7173C89595F5552FA796E2410625FD99895AD295F573897B22C7BFF91B71EBAF2EEEB3B4D9ADD7ECCB456C3C7371B32BAD1C0B14D2F1BD77CC894B62366761A3DADED95E39A5C7A4DC3FE939A5E36B1C9E029CD874E6A3AE49AFA032637BBFCAA3A7DE7B41B35EC845ED7361D3CA9F595038F3B7752AB11E3EA0F9D79DA981BCF9CFAEACDCFB3BFA6BC627D55E9C6EA8D5BFFC877CDA3EDF9E55B3CDDF99A108FB03C9E680AF198BB248C4598D0AAA88982640184A1CB582E42330C86C4AAA210DD3112C60376F2E2B4451523B15EE5AB0A650E1386DC65180C6BD63D14C41811C75C925350602A747253A190FBAF20854EEE52DEA4B855AE59DC7BB40D87F3F59050D7E10F3762E92604854BB0A80A2A26FB200D8384F900A9E5CE28C4A829B0C0B2DACF3B16EEA53C21901048087C090228DFDE12AD2AC53AB1E0905864AC307EEC13446E6AC54B8DCB7C69A299A730A52AB7931BD73C5630EB1E9B16C36283D4FCA22AD6401B8A4BBE59EEA2DF686B75CD3B52D60553AAF2FFEEC87F9315FA619F1A6BCA7A8C8D804D121672E36A25C29412020981844042202190104808240412020981844042202190104808240412020981844042202190104808240412025F8240CE8DC46C2C7023FD9557E77F9515C809D5E595D5BE94BDA9BC624359F9FAF24DFE4A2ACB4A2B37555616BEA65D3857AB861BA96DE1CBA6356737CA51C46A0E72DC54927DB22A5BFD56F6C95BD9EAD7B3F79FCD96FB7B3D5BB92C5BF15AF6EEEBD9BB2F66AFBF9EBDB33C7BF395ECAD37B25572E5B7B2F7DEC956ADC8DE7E3D7BEBF5ECED15D9BB6F65AB3EC856BF91BDF372B6FCB9EC8597B2575F297BAD3443C11468C3CBFC925116826B9FAF1677136E4354288EE2855AE80BC0499F6F483F481191E39C045F228286CCFA230961216E5793C28E885E04F5E4615F4EBF46BC992B12167261E88711C2D0CF7598E58FA410463E9F0B4A6AC5021D5E51500883CA6AA36D2828FBE6B2B1E842B938897BE66D195405409AC53D06D9265AE5065D92D324C93D57D03097E44DF8134EE666E9E4895A3E5E6A2ED989506CF4228FF3301558A02C8F326F15A428E8487C56736391727FA22F6ADA1286823C972BD0A71042E5F084445F84F2B83758D0574ED1A419CE44811D97DCA02329446D5896478A7E232FD66784908E5E1458087D3A52B8A4EBD0114C9728446D689A140884FFA116F2942704FE2E1070D3DAC2E2D462DCC8D2ACB4C2E98E4E737DF793CAF736661F96FDF1CF89836BAAB38F2BB38F36666B37154E8974B8E02759C507D6A6C24E55BE71C35637116B87CDAE3CAB78E5DDD7FC92A06C7DB9132AB337B2ECE9F2EC9D2C7BABA6FC7A96F92324F928CB565B43F1456AF29559F67696BD59F347E7C59A5A6AFAF538BE5463E1E59AFCE94A9A1B3EAD58B9F6E34DD57E59A01B9D6F2579843DCBF1E47A78F1462405EB8042BE7E6A694DB01CC5831F0FB8479E9C30ECBA8C7523960579A8C9C38E658432CBA1108B5BAE5C5C50C507AD72E3C50BDA16EB5BD827D4445913CACA6150A731229721A413C9BA1A6663D10BC26754516627FE72C70CD376C648EE1509FD5C5955744D18980056C16E25D74A177494350921DFE0161D451334A42844CED4166E843FEC70DBE8F458ACFF972BE783CABBF8BC24AF4A85844042E06F1C010B8BD5E3F34F31A175C93AA34A39D63763A11FCA72C27C74B122E53935CD2D4DB90E89C58ABEDC1A68ADB6E8452D536A95C37208B5A5CC88449EA7BCC7E24218B71E329B372F5E1555C556A596032EC33E23E1244938101D151B4FE584404220219010480824041202098184404220219010480824041202098184404220219010480824041202098184C0E711D81CC0AA393D321826BE89BDA9E6CFB14DCE8ADC90956ECC2AFC3954CB9F887E991C7DB2B2C0A4AC161F436D88731B8318891BE98F46817DA1E4DCC88F1FAB5E36E68DEBCFBC7750FB45BDBADEDBEFFC2557F45A7A45B31BBAB5BAF9EC8EB79EDFF9F6DEE7FD7E70C75B2EE878EB855DEFBE58DEED9E8BCEF9FDA5E73F7C59CFFBFB77BBBBEF1977F63EFDF60BBBDCDAABCDDCB3BA2CEAD3E5AEDE7D960CBBE2F9C95397DFBC64FD6B1F661B79F5C798DFE70759C385C8C5026AC26A6273C512D1378930FEA28A9A0422313BF1B848D4D4CA236647DF27E4421F6D834E580865E53C4418FDCAA3C066D88F3CE45F9487CDDC1AB55C12CE84575B6D1EFE475BCA1CA3A6402EF88807224573314D914A652E854E8C2BCF355156A5213B3499DD821B19CA615C992971D562724EB40A57358F30AE4B5DB3E9327A916F35B1C982A48012C98242B8AD10E15423D2AFCB3CB90C5A0B4D899C847D057246F2BF90ABE252E40A6127FC515608FB310A123DCA7132433372B5212FE64646430A462AA7A3105E0514D196243839D1699E17EBE743C8FB551BF3AB1076342CEE3D7ACCD15388264CE931F72DDAA63C21F0378E40E1B9B0FB5416E891F884A5D9868A6C13B2647559CDE36F91F0E73973E581286C4759F5C68AF212B43784FE82D042B2A90CA91FF3DF31567FDC14B618B84392CB2B4BB22A1CCA6CFD92B7975E7DFBED5D274D38A6FFCC13862D6874CDAD2D26DFD66CD2A226E36E6D32F6F666D7DCDCF0CA797506CD3E69C0BC532F9F71C2E0F1BFBDE49A5F5F3CF99841F3EB5F35F3F8C13735BAFAF616E36E6830F2B6A6636EA837FCC653AF9C7DF48007DA4F5E7AF18D9FDCFE4AB621F3A3039496CA3224C6CD4FF116CEB8B45658AE153CB305324A0D3732E4720F753CE3B1C8142FBFB10CD2815CBE734513AD2406B5D59042A8B9B43C865021D43E9FC712AA8914FAD13024969758DF542948613F94D5921726B3666B53CB8DC8733714A4626E64ACF6563C72CD3589A4EC2F3C64FF6B732363E5642A86C060A0A7C7E822E47A87B0DC7E941329C3A56294485CF2501E657958F8CBE5FA623CEF28FAFDCB75972CFFAD21904F7D38E632D2DF9A9FC99F3F17815846CCA642A4E2998DC533569BB04CC7A515CC6611CBE3E65BE1B3FFB3AC49AEE8585AADDEF45D6AAE6DBE71B88CE53A773856483AA1ACA12ABD84E15CADB840873E893C96F150D623E3FAB290E6FA74E853A0C92C399DE82B5A4539D74F8584404220219010480824041202098184404220219010480824041202098184404220219010480824041202098184C0E71188D0125623C6E3FA0C1BA342CCA9408FACAA760CD7BA6CCD9A6CF5DA6CBD4F6997546FF2B7262BF1F769E6C3A58EFB70AC24925E0D3BA54087A82E1C1A59738CA4727023714F56651FD69DD4E9A899AD8E9FD3F694851D7F3DA9DED1339A9CB0B0F52F279F72FCF5AD8E9EDDFC57134F3D6272833A37753A6161FB13E6B7FDEDB426874FAA4BE7D859CD8F9ADAE8D8A98D8F9BD1F8F8D9CD4EB8AE79D3DBCE386666D313E7B5AA35B1FEB1335A369DDDADDFAD23976D7CD70751BF88449287EDC4D724A1B71C84901487D594E98BBBD1C93549FC85B23CAA82F31697240AB91DE14592681555D19624228F3415D88F248829157791EB4741AE964E5CB2197E46171134248C6863DE242FA80AFB0A790A67C8C36DCAAA5C7249C1653E1C6542C6C3BE3C74A8C57028E4CE879FD10BB9C48E5C13C623ACA95C53B339837694F2426E4DDBCF27CD431876F4E552137F519033280F37E42ED516F7EB923C46A4DF681E6E106A2B05686A43213A228F425808CB24792497444379A8C9C360DE6314C8E970C9652887C4A5BFBC1742A9E0CD6730E6A30E39E5DC083F09C31A1FA20989B23CCC7226BA083597B9267D6A292504FE8E10283C181E0D3C7DF4891A6E6449D5FA0D15EB2AAA2B0AEBB03BDA79C835E391DB9D6C6D6EF8F2B24FD02BCA2A37AD2BABF8A064C3A75598FF65EB2BD756E2486E2D39EAAFA0E259FE704DF666C9ECAEC32EF949ABD3FFF9D8E1FBF418B157CFE17B9E33628F9E2376ED79C54E670CD9A1F3B09D4F1FB56BE7E13F683B6C8756237ED871EAC17D47EE79E688DDCF9CF4935EE3F63977E84E1D06EFD46EE41EDDFA7EB7E9153FE878CD9E678EDEED8C993FEB3578C7D3CEFFEE29134FE997BD5E52F589132C2B32DBEF1770230DCD78731A9E1540E21E2882C14221A82921A71CFA8521D49C641BCAF41572653AB19E904721968EE8CE96176B488DB142C67801FCCF16F95858E4C512655D448A266C86A6E65120B176A97519C268C555495BBDE4294CB9D444EEB230A135FB4B14720B7993508B867973C2E83D6AE51AEA8E91DC670AF48321196A74723BE1730C8A300E0A56C8ED68AE364F61219A13EA2BEC931757E5F6BFA4F055F46BAC16C6C84EAEAF40925F7E4917AA38F9E50A5F529B8F3A40F812CDDC99BCA06D5E8E86C59E4455B14ED47E49932FE9FD8BAAC2DA163673E52F92E70A5F54F8F286C5C3DCAA852F520879CC7534CC3B52C85B29E7A95879AB7D7D43A18EBEA185AFDEFCBFB3AFAFEED55F4E339F4405936B2AFD5976AC5D0145C83910EB959C42B40AFDC84339FCCCCB7961ABFEB393DF4EB98226588BE492321D5561277272C2F8ABD1DAFC139ED0B472124693D0CF9B2B146F4F3110ADA223CA79A2995242202190104808240412020981844042202190104808240412020981844042202190104808240412020981844042E0CB1110945A5F59F6D43BCB5ECEDE7D297BCBD15BD8068ED12ACF56BF5BF5D23BD9F29599CF82661F7EFCC1A6ACF4C98F9F5E5AF6C2BC2717ACC605D8F0F1A68D3EE559C982BF0237B2B2AAC0E9A82E502B0BA1BAACF2FD6C6DFF3BAF3E6C72C35AB7B43868DCB1A7DCD8FAE091BF3D695ED383AF39FA97D34EFAF984DAB56F6876DCCD2D7F3DAFF131B7B539FE8E7627DCDCFA9753EAD49EDFF2D7331AFC6E56835317B66AB0F0B423AE3DF698D9A7D45E58FFB8450D7F33E7A4E3E634AF73FD69B5E7353C727C9DB316F47A70E563982D85D0DAD6120682F099505A701E82FCA04CD7A959AA1408E58E7E8A889B609CCB08E405E1815CC28508A15CC368152449554829D145B0538207185D6BAB0940C299681B714C7D892A3252D343E1984172290F026A18CDE3ECAF02AA3529EC8757310A3E2B384250BD72781E278391BBD436C625A713AD081989B651E04F0C2D2C508B1EC943CD25058E29682E8593E1670C9F66AE8FC3A3EC4CADFC784336F3A46D9415B4925C32952B28843CF27052392FE40AB92434730BE4617C0B4D9ED324A490A7DC8D70AC667C9B4FFA0AB391D38FB661334C9190E7D8166B86357914F2AAB01397F2DCE75C9217723F7349E88785E837AF8A5EC2B762357ED28C5EC8C39FBC552A2404FE7E10F000D61C1919C717575538DAB1B46A6349E5067F1B51CFAA2A37943B02B97072E4EA8D1BD6566EC295FC041DD266E108E4AC123792094BC09AACF29DB51F3821B9861B5978AEF3B4F979ACACA8AA287342B2AF6F2F9BF040DFBD5A5DFEA34E4377EA74D55E670DD9B9CBB8BD7B8FDCF9DC113B9C3B7E8F7E43B6EF3EF647E78FDEA1EB949DBB5DBFD7F9577DA7D5B4FD2EECF7AF4D87FCDF96D7ECD865ECB69D27EC7AE6B0ED3B0CDFB5EBC5DF693969BF5ED7EE7636E5C93F3E7FDC6EE78CDCAEEB887DCFBEF1BCE999532D1DCB5CF165E7467A8A2DC2728F70BEE416AF42F91062318F81C42A91EF05B179D18C021D16E84B612AD6F05C2176465534552930A836DC88C5C4C66437240C1D857CABCAD50829CB1951A069CDCC25D10B21055D84356D79E504C8E831AAB452887D5921B6C8E82EACD971B45285DFC8A0A4B9144388AA40432B72A6F2DD3F2CC726A81C890E05CAEC07ECD1513E640A24FE14345150157E86053E843C864C4D8A2651154E162B879FF91CC55834A11396F33799A0CB1A9D149615A8B12929445F512E962BE789E57C72F3E107AA7458908705507020DCCBABC24EDE3B85F021E479AE6D3E04C6732314E84715235E1B5485C4654C131D0AFE60CB93689BF7F2DE7BEF05B6D442216C6A4ED9D062E272D0D889498F315208DFE8AB926B2E45DBB894E70EE785B8FD6246980AE858D3367C5356CB4E8C422FCA6ADDD5F278F70B894BC9D8C3FF5C988F8B413EB87CEBADB714C23EE568C87E345125F1D0A5DC70142285DB51D68A1A875DBEF3CE3B729794C963382C032D94F3D5864E74978F3114A2B95A6D391679686A6B98AAA4F839894BFAE14CF8EF92B25A0E68EE9285D0F138034DA210162868A51CF6FFC7E770900AF07DF616179210C6940121840A0160E8178313CD8B259A145F6EB54C4717DA7E516DDE6FB14208C387E837ECC8C354DC9F9A9014378CB221E4F76A48A25598FDBC7E922404120209818440422021901048082404120209818440422021901048082404120209818440422021901048082404BE0881F2ACEAD535EFF69CD4BFFDDC732FB96FF8BAECD3ACBC14316343F6C1A01BFB0CBCF5A2B97F98B70E2924ABDC907D3AF0D62BEA5DD572D0ED57ACCADE5FBDD11784ABCA04CBFC5F210C57F3896D674E56671BAA33F2D2ACF2ED6C6DAFC5238F5AD8AAF6036D0F997ADCB1D7D5FFDDB5279C38E9D4D3EF3EF3A4594D7E37ABDE2FA69FF49FD34E3878D6C947DEDCEC17334FFED5A4130E1B5BBBD684938E99D1E0A869F57E31F6E8A3A6D639714EFD13E79E72E8D85FFE727AAD43271C516776F326B7743E627AED5F4F39AEF1E4D6E31F9A82D652F359EF2D87287C26AE9A47E5B6ACAE099D8730026D119B8B50AC90AB10B3D0ADD85C04AFA336AC09F246CC37EF821D415B97A287FE94358C48A226D1562ECC1791BE0804D3C9E9079F772FF79C9A4421EC843C0F49C7A5A076AEC0375D8702A1420494A379DE510C21AA94434E47392EB9AA5F65420615C20D3DAA0A79749ABB8AB94193501E616B21FEB04C3F506584C148D15C39748AF3CF54B65255ACF655CADCFB12B5BCA3ADBAB1D586A1F9D5F573235FEE49AEF6972BC460FF72F693E584C07F0B0235DB4EE1C848FB8E738ACB70231D1D5981F498556C2A2FF3F5CDCD6BA69539ABC290936FAC39FEB1AC7C7D65798194BE7E43A9A323AD569F6CDA5056F834B7E29F2C148507BCAA3AABA8F0D1EE2A0BF0BAEC956B1EBD74F70E57FDB0DB153B9EDE7BA796676FD7F8EA9FF719F7F30123F6EE3360A733CFFEEE698376EE7AF977DB8FF8B7B6A3BFDBEEEA6DDA4F3EE0FC3EDF6932E5C00BA6ED7F3E7AE4841FF6B87287D347ED71F625DBB419BC7DE7C1DB74B8E2FB9D2EDFAEF365DFEB78F536DD47EC7AD64D5DA7671FD84D7DF2DBC743FFC4996254ADAEFE62D50DCEB965DC9A1CB42B728BAD3C96622B702C3BB1E9B0A336F4C3666E2A567B429AC64E6E072CEE97D0DE17D6420D8AFAA5197FFAE20389DAF0214850F1D30342CD490AC07E46DDC937A0D817A21585CDD357530892BF26521CE4A840531EAECAC331ADB81455248CF3969057F2906BC55BB5E1460C27EF4E93284717B14187056EB06074BA887D4D5BE57C0A8AEDEB312EF5C5140BE10F61DE2FA1140AE14F8C2EB65140A93505B9597622F14195F29B6FBE1992B0B9B9BAE6FFF8160D55456D40A15273E3CA672A240612CDF34238A62D7D790045E7DD77DFD53694E52617FEFC210C28F2AA68C58E3FCED0C9DF07E8F0214691EB2B68425362D365700E751D5DF084053AE15B8CD1253B7123510823D19C5C2D49EEBCCB55AB5691487AD18A29B5F97D45CE0810D452A6208591D00F9F431ECAE4619F9044D7E19872710A974814746A66751AD6E48C44551014A32135CEA85590E763A11C53101206D54A0C8624EC17BBA1AC2A124DF79B2E0869C6E399CFA902B5B020A7F659BBC2FF93E064867B51158F6754B14C8159857C2E4CB4DABC49148AFD571BE0E410E5FD3202D55846C208CBD12300436D0BCBFFB32F8190A7E291E6C2BC001CE5629D287F5E582C292E7FBEED1749FEDC569FD72F9644591E85CF77FA45F2CF6B2649422021901048082404120209818440422021901048082404120209818440422021901048082404120209818440422010C0835C999574987941EDA9AD3BDDD6E7FDECD34DD5653E99FD61B6BAE5F4F6A74C683A68D1F0F7AA3ED858B9DE5991DD6FEDFFBBD14DBB4CEDF96EF6DEA7E5BE4C5A1DDC48A644447DB2D4E15A788A25CE8DACACDE9055BC937DDAE7EE11078F39E6A89BEA1E36ADF631B3EBB6B9B9CBA58F5DB62C5BFA40F97DF5E6B53D78529D9F4E3EE1D059756B4DAF7BF4D47ACD6F68D7F1D6EECD66B66EBBB04BC3B9AD7F35A6F66F679CDAF8D6B62D17B4683CA36E93F9F51BCC6DD47876EBDAE31B1C35BFFE4937376B7E7D97D9AFDC5CE2ACCBCFD148C4CEC46739161161E1D43CEA2A503B72E4C8DFFEF6B7FFF44FFFF40FFFF00F071D7450FFFEFD29443, N'PDF', 0)
INSERT [dbo].[Document] ([ID], [Name], [CategoryID], [CaseID], [PartnerUserID], [ModifiedDate], [Attachment], [Type], [IsArchived]) VALUES (3, N'INTERNSHIP 2023.xlsx', 1, NULL, 18, CAST(N'2023-11-20T10:54:11.157' AS DateTime), 0x504B0304140006000800000021004750E5AE7D01000084050000130008025B436F6E74656E745F54797065735D2E786D6C20A2040228A000020000000000000000000000000000000000000000000000000000000000000000000000000000000000000000000000000000000000000000000000000000000000000000000000000000000000000000000000000000000000000000000000000000000000000000000000000000000000000000000000000000000000000000000000000000000000000000000000000000000000000000000000000000000000000000000000000000000000000000000000000000000000000000000000000000000000000000000000000000000000000000000000000000000000000000000000000000000000000000000000000000000000000000000000000000000000000000000000000000000000000000000000000000000000000000000000000000000000000000000000000000000000000000000000000000000000000000000000000000000000000000000000000000000000000000000000000000000000000000000000000000000000000000000000000000000000000000000000000000000000000000000000000000000000000000000000000000000000000000000000000000000000000000000000000000000000000000000000000000000000000000000000000000000000000000000000000000000000000000000000000000000000000000000000000000000000000000000000000000000000000000AC94CB6EC2301045F795FA0F91B715317451551581056D972D12F4038C3D100BC7B63C0385BFEF243C54553C8A60932871E69E3B77EC74FBABCA654B4868832F44276F8B0CBC0EC6FA5921BEC6EFAD679121296F940B1E0AB10614FDDEFD5D77BC8E8019577B2C4449145FA4445D42A5300F113CAF4C43AA14F1639AC9A8F45CCD403EB6DB4F52074FE0A945B586E8755F61AA168EB2B715BFDE3899582FB2C1E6BB1A550815A3B35A111B954B6FFE405A613AB51A4CD08B8AA5738C0994C112802A97C76499984640C48DA1900799091C5E06DD76957365630C4B1BF1815B3F42A8578E77B5ADFBE471246B201BAA441FAAE2DEE5CAC9EF90E69310E6F969914BA36922CA2B65FDCEF7213EE73A4C21228F2EC1E50E7639D5D5ADC84290C8C23EA993449EFBD52D43BDB10C987FB2B76937D1A06C6E9D1BC75E4FB3113E953AFB203E51B0B95E6FA1113B03445A3BC05B6FB246F41CB95409CC88F8ACCE6E6EE0B7F6191F5A393D28F940DC3884BDEE8E2F9B7F68EF070000FFFF0300504B030414000600080000002100B5553023F40000004C0200000B0008025F72656C732F2E72656C7320A2040228A000020000000000000000000000000000000000000000000000000000000000000000000000000000000000000000000000000000000000000000000000000000000000000000000000000000000000000000000000000000000000000000000000000000000000000000000000000000000000000000000000000000000000000000000000000000000000000000000000000000000000000000000000000000000000000000000000000000000000000000000000000000000000000000000000000000000000000000000000000000000000000000000000000000000000000000000000000000000000000000000000000000000000000000000000000000000000000000000000000000000000000000000000000000000000000000000000000000000000000000000000000000000000000000000000000000000000000000000000000000000000000000000000000000000000000000000000000000000000000000000000000000000000000000000000000000000000000000000000000000000000000000000000000000000000000000000000000000000000000000000000000000000000000000000000000000000000000000000000000000000000000000000000000000000000000000000000000000000000000000000000000000000000000000000000000000000000000000000000000000000000000000AC924D4FC3300C86EF48FC87C8F7D5DD9010424B774148BB21547E8049DC0FB58DA3241BDDBF271C10541A8303477FBD7EFCCADBDD3C8DEAC821F6E234AC8B12143B23B677AD8697FA7175072A2672964671ACE1C41176D5F5D5F699474A792876BD8F2AABB8A8A14BC9DF2346D3F144B110CF2E571A0913A51C86163D99815AC64D59DE62F8AE01D54253EDAD86B0B737A0EA93CF9B7FD796A6E90D3F88394CECD29915C8736267D9AE7CC86C21F5F91A5553683969B0629E723A22795F646CC0F3449BBF13FD7C2D4E9CC852223412F832CF47C725A0F57F5AB434F1CB9D79C43709C3ABC8F0C9828B1FA8DE010000FFFF0300504B0304140006000800000021009A87CB78600300005C0800000F000000786C2F776F726B626F6F6B2E786D6CA4566D6FA33810FE7ED2FD07E4EF144C80002A5D2521E822B5519466DB3B2952E48249AC02E68C6952ADF6BFDF1842BAD99C4EB92E4A6CEC199E797BC670FBE550E4DA1B1535E36588F08D89345A263C65E536445F57B1EE21AD96A44C49CE4B1AA2775AA32F77BFFF76BBE7E2F585F3570D00CA3A443B29ABC030EA64470B52DFF08A9620C9B8288884A5D81A75252849EB1DA5B2C80DCB345DA320AC441D4220AEC1E059C6121AF1A42968293B10417322C1FD7AC7AABA472B926BE00A225E9B4A4F785101C40BCB997C6F41915624C16C5B72415E7208FB801DED20E0E7C21F9B3058BD25105D982A582278CD337903D046E7F445FCD834303E4BC1E13207D721D986A06F4CD5F0E495703FE9957BC2723FC0B0F9CB6818A8D5722580E47D12CD39F966A1BBDB8CE5F4A9A3AE46AA6A4E0A55A91C6939A9E5346592A6211AC292EFE9D98668AA71C372905AEE10FBC8B83BD17921B49466A4C9E50A88DCC34367B8AE6F394A138831CA2515259174C24B093C3CC6F5AB9C6BB1273B0E0CD796F4EF86090A8D05FC8258612449405EEA05913BAD117988A260BDA245F5B5A66221B84A46BD9E53A91AF3918A3740598FAA2A2292ACEF7942F2F58224AF640B5ACAC206BB1B7F6867C419BA9B8195E07480ED0DF692743D9AB4C0EB1F184E2EDBE97F709C242A710664AE8BAEBBFF398B10A4087A1E2FA4D0E07E16DD432D1FC91B5416F8931E1B7F06A5F336DF220747D67412E94EE40D74DB73A7BA6F0D7DDD1C4F9CE120F64D7F34F90E510837483869E4EEC8168519221BA871217A20875E82CDA061E987FD6FE6F1D2D5FCD3D0CBBEAB48D5B9F8C4E8BEFEE0955A6A876756A67C1F22DD8560DECF56FB56F4CC52B903B639B6071ADDDE1F946D77E02FC6AEAD7A4858CAAF109DF91375FEC470E96A38F3C7F8C1A1F6FC05C7DA592BDB9E99CD57D3E5FC51B34C6B00C7BD3AA1558631D244A02C89598ADB0AF60F039B12E81435B58A3E362D4F69D083BCAF653B034919383976BCB139F02DDD8E71ACDBD837F5F1D8B5A164F1C019E2683275625523F516090E0A31FBE4E1E019EDD394C8061A47F54CBB0ED4181F774F9B59B7714CC019978365A442393EFD5F8A8FF096CCE995CAF1D3958A93F9C3EAE14ADDFBE96AF31C5FAB3C7A1847A3EBF547CBE5E8AFD5F4CFDE84F1AF0935A0E6D0D07DE58DFEC3E0EE1F000000FFFF0300504B030414000600080000002100920794EC040100003F0300001A000801786C2F5F72656C732F776F726B626F6F6B2E786D6C2E72656C7320A2040128A0000100000000000000000000000000000000000000000000000000000000000000000000000000000000000000000000000000000000000000000000000000000000000000000000000000000000000000000000000000000000000000000000000000000000000000000000000000000000000000000000000000000000000000000000000000000000000000000000000000000000000000000000000000000000000000000000000000000000000000000000000000000000000000000000000000000000000000000000000000000000000000000000000000000000000000000000000000000000000000000000000000000000000000000000000000000000AC92CB6AC4300C45F785FE83D1BE71327D50867166D152986D9B7E807094384C62075B7DE4EF6B523AC9C0906EB23148C2F71E89BBDB7F77ADF8241F1A671564490A82AC7665636B05EFC5CBCD2388C0684B6C9D25050305D8E7D757BB576A91E3A7609A3E88A8628302C3DC6FA50CDA508721713DD938A99CEF9063E96BD9A33E624D7293A60FD2CF35203FD3148752813F94B7208AA18FCEFF6BBBAA6A343D3BFDD191E50B1632F0D0C6054481BE2656F05B279111E465FBCD9AF61CCF4293FB58CAF1CD9618B23519BE9C3F0643C413C7A915E4385984B95F134663AB9F0C36768239B5962E72B76A280C7A2ADFD8C7CCCFB3316FFFC1C8B3D8E73F000000FFFF0300504B030414000600080000002100A6367A65D386010014110B0018000000786C2F776F726B7368656574732F7368656574312E786D6C9C945D6FDA301486EF27ED3F58BE6F62870412445A4D9DA675DAC5B4EEE3DA380E588DE3CC36856ADA7FDFB193001315A3459063E2F879CFF1799DC5CD4E35E851182B755B621A118C44CB7525DB5589BF7FFB709563641D6B2BD6E85694F849587C73FDF6CD62ABCD835D0BE110105A5BE2B573DD3C8E2D5F0BC56CA43BD1C24CAD8D620EFE9A556C3B23581516A9264E0899C68AC916F784B9B984A1EB5A72F15EF38D12ADEB214634CC41FE762D3B3BD214BF04A79879D874575CAB0E104BD948F714A018293EBF5BB5DAB0650375EF68CA38DA19F826F09B8C32E1FE899292DC68AB6B170139EE733E2DBF888B98F13DE9B4FE8B30348D8D7894BE810754F2BA9468B6672507D8E495B0E91EE6B7CBCC37B22AF16F327CAE20527F2187CB38F7075F2F2A091DF6552123EA12BFA3F3BBFBC92CC7F1F52258E887145B7B34468E2DEF4523B81320433172BAFB2C6A772B9A069617338CBC67975A3FF8A577F01001191B967819C69D7C14FDE39F28D46F7F05653F06D178AF7A3C1E33F8107CFEC5A04AD46CD3B85BDDFC94955B97388FF22C4BA7F92CC3E3E457BDFD28E46AED20CFCCB3B96E000457A4A43F86E03EB60B71DB43D22388754FDE91698111DF58A7D520440752CF80FC0303E2C0C84834A3A498F844060685C69C61C06C60401C183489684AA6C9C5887440401C11D3BD7C0277CFC883489087386E0339DD87FFD4006A010271804C8A28C9339ABDA00AF04E80780FF50D790EE277E54C39F0260D10886339CFB4358144CF40A0E9010271CC247B695B29BCE47B7FC160A024244A936C96D3CB5B4BF73685C1390C81F93325F9A3D65B353B18EDF8D40C662DC8BF06CF466FD1E9243FF8EB999560117F80C329FB0B0000FFFF000000FFFF9C9DDB6E24C9916D7F45E80F902A3349166BA016107E0F5677DDEF6F82208C84C18C066A9D39BF7F2C99EEA4BBEDC52ACC79510B969B91C9D82B2259B6DD2DFEF8DBDFFEFAD77FA53FFFEBCF7FFAE33FFFF17F7FF7CF9F7F3AFCF4BBDFFEFBCFFFF59BFDBF7F3B5E9F7EFAD31FFF722EBF3CD77FFEE9C5B39FFEF0A73FFEC1B40F3F70743FF0BBBFFDCB7EF6FAF7CFAF7FFADDBFFEF6F7BFFC47F8C7B9300E94CEFA9F7F3A3E3F1FE8FED0B5576E1F2A2F2F1578B3937FB3F3A15EFCF4BBBFFC9FDFFEF58FFF2CFFF8E77FFEF9FECDEE3FC4D5CDEFED335C5E6A7FFDFBBFDF7F30FC50DBF9B8F6210FF6C6F6F3BFD987FD9F3F3DFBE31FFEC77ED7BFF48F19BA66521C5645BC28E6631C5745BA28EC7F1FDEE5B42AF245713529AE5645B928CE67777CD2EB55512F8A9B4971B32ADA45F17C523C5F15FB45713B296E57C59D7E8E17ABE2A51EE3E04EEA2F17C98BC383F7BF4AE595545E4BE58D54DE4AE59D54DE4BE583543E4AE593543E4BE58B54BE4AE59B54B6CEE1743AB68EDD5CEA9CCDA50ED65CEA24CDA58ECE5CEAACCCA50EC75CEA34CCA56EFF5CEA7ECF25F5775383377578538B37F5785393377579539B37F57953A337757A53AB37F57A53B337753BA8DB41DD0EEA7650B783BA1DD4EDA06E07753BA8DB41DD0EEA7650B783BA1DD4EDA06E07753BA8DB41DD0EEA7650B783BA1DD4EDA06E07753BA8DB41DD8EEA7654B7A3BA1DD5EDA86E47753BAADB51DD8EEA7654B7A3BA1DD5EDA86E47753BAADB51DD8EEA7654B7A3BA1DD5EDA86E47753BAADB51DD8EEA7654B793BA9DD4EDA46E27753BA9DB49DD4EEA7652B793BA9DD4EDA46E27753BA9DB49DD4EEA7652B793BA9DD4EDA46E27753BA9DB49DD4EEA7652B793BA9DD4EDAC6E67753BABDB59DDCEEA7656B7B3BA9DD5EDAC6E67753BABDB59DDCEEA7656B7B3BA9DD5EDAC6E67753BABDB59DDCEEA7656B7B3BA9DD5EDAC6E6775BBA8DB45DD2EEA7651B78BBA5DD4EDA26E1775BBA8DB45DD2EEA7651B78BBA5DD4EDA26E1775BBA8DB45DD2EEA7651B78BBA5DD4EDA26E1775BBA8DB45DDAEEA7655B7ABBA5DD5EDAA6E5775BBAADB55DDAEEA7655B7ABBA5DD5EDAA6E5775BBAADB55DDAEEA7655B7ABBA5DD5EDAA6E5775BBAADB55DDAEEA7655B79BBADDD4EDA66E3775BBA9DB4DDD6EEA7653B79BBADDD4EDA66E3775BBA9DB4DDD6EEA7653B79BBADDD4EDA66E3775BBA9DB4DDD6EEA7653B79BBADDD4ED5DDDDED5ED5DDDDED5ED5DDDDED5ED5DDDDED5ED5DDDDED5ED5DDDDED5ED5DDDDED5ED5DDDDED5ED5DDDDED5ED7D717BE9155A5B6B692EDEB7E94ECF466F703BBF7E6EC39DDB8EFFF327D75E0BFDD5677307CEB7E02E1A3BE46377ECE09B705D631DCD870EDAC1B7E1BA66EEE51D7C23AE6BAC8DF3781CDF8AEB9AB99F77F0CDB8AE993B7A07DF8EBB68ACD3F9F856BE1FD74FCFF1F8D847ED253B1DBE6B6B6FB63A716EA49ADC37527BF3733BEB7FFEE9E6FADE187742C3E5C5C372D25D2F305E34A7B9297974CDC074D11C2FEEDF1E8F879BE7CF8F2F4EEE50B91F6AE9B33A0E4AD7CC1DCEA3FBD8B56BE61EE7D171D0BA663EF147C7C10EBFFED17170D735F6BB8DB6F7CB7E4A1F5B9FBF8C033DF6C67FD5D22B2DBDD6D21B2DBDD5D23B2DBDD7D2072D7DD4D2272D7DD6D2172D7DD5D2372D6D1DC1C3B3C7B3B33D9037D53A698BAE93B5D43A464BAD63B3D43A264BAD63B1D41E30983ECBB07DFECCDDF7E567C1F90DACDFC0FB0DCCDFC0FDADDBFFE2F1F6B075FB5F3C42B975FBE752B77F2E75FBE752B77F2E75FBE752B77F2E75FBE752B77F2A85EEFE5CEAE6CFA5EEFD5CEAD6CFA5EEFC5CEAC6CFA5EEFB5CEAB6CFA5EEFA5CEAA6CFA5EEF95CEA96CFA5EEF85CEA86CFA5EEF75CEA76CFA5E1F6A3B541DD0EEA7650B783BA1DD4EDA06E07753BA8DB41DD8EEA7654B7A3BA1DD5EDA86E47753BAADB51DD8EEA7654B7A3BA1DD5EDA86E47753BAADB51DD8EEA7654B7A3BA1DD5EDA86E47753BAADB51DD8EEA7654B793BA9DD4EDA46E27753BA9DB49DD4EEA7652B793BA9DD4EDA46E27753BA9DB49DD4EEA7652B793BA9DD4EDA46E27753BA9DB49DD4EEA7652B793BA9DD4EDAC6E67753BABDB59DDCEEA7656B7B3BA9DD5EDAC6E67753BABDB59DDCEEA7656B7B3BA9DD5EDAC6E67753BABDB59DDCEEA7656B7B3BA9DD5EDAC6E6775BBA8DB45DD2EEA7651B78BBA5DD4EDA26E1775BBA8DB45DD2EEA7651B78BBA5DD4EDA26E1775BBA8DB45DD2EEA7651B78BBA5DD4EDA26E1775BBA8DB45DDAEEA7655B7ABBA5DD5EDAA6E5775BBAADB55DDAEEA7655B7ABBA5DD5EDAA6E5775BBAADB55DDAEEA7655B7ABBA5DD5EDAA6E5775BBAADB55DDAEEA7655B79BBADDD4EDA66E3775BBA9DB4DDD6EEA7653B79BBADDD4EDA66E3775BBA9DB4DDD6EEA7653B79BBADDD4EDA66E3775BBA9DB4DDD6EEA7653B79BBADDD4ED5DDDDED5ED5DDDDED5ED5DDDDED5ED5DDDDED5ED5DDDDED5ED5DDDDED5ED5DDDDED5ED5DDDDED5ED5DDDDED5ED7D717BE9955AA78C16626EE7FAB9477A75DF8A73FDAA7079F57AEE491E5DBF3176CDDC933CBA7E63EA1AEBC33C341C8FAEE198BB6669E9B95E5DE99AB90F77726DBF7AD1DCCC7DB893EBE7B5AE993FF3C9F5F3F6AE79F1D062BB7BF8840F4DB787F3E31BA2F609F1749FEB0F8D4FD7F90B971797C6E7C939122F9AA5F17972C74917CDD4F83C5C9D9EDDBC70BF60EE879A1B9F27D7682C5DF3DDC667D77CB7F1D935DF6D7CC2AF2F8DCF8BE6FAE6B1EFD92BF79D898578FB3C68C1B9FE980AB85F38F457E7E6F3C9137FD1AC1E78E22F1AF3605A9BEB89EFC7590CF0C477CD6CC09527BE6B6603AE3CF15D331B70E58987DFFDCAF17747EFE5F87B398EA39ED8DB7F37B139BFFE7079B8D31E2E2F2E97C795B32F5E348B3557EE38E9A259ACB972F6E57E9CD99A2B675FE99AD99A830F6CBA66B1C659DCBA66B6E6DA59BCF7DF7D09997C62D34FDE14D85C2A76FBF6B7A7F349C48BE3FE85C7ABC39D96305E9E2F8F6B1F9A75D162C2B54FCDBA6871E1DAC766E348B30DD73E371BA2D9876BEF43175DCD27F0DA276743B4BC9D8FCE1ECED0BCA6DE5F255D743379D14B64C6139B24B6C36597C4CD2526737687FEEA723D5C3B51ECA2ABF93E74ED004C5DD4BF306E9E1D0ED757CF9E3FBF79E66F585D789A4FD08D43B50CD1ECC78D63A48ECF35FB71E3186943B4BC9D3BD5FB380DCB911C2377E34CCE7E5C4E2EF9E1F7A08CD4F2BC9F63FAEA70A7318C97E78BE3C6DFA0BA68B9386EFC1DAA8B968BE3C6DFA2C69196B3E3EF515D7435FFA573E33E781DA2F9143E77B6B6219ADFEEB9B3757F3843F3561067EB5D172D17C7E5CC9219E76D0DF30E221FF25BBA3F7D67F81D21A1BFBC5C25CFFD1F555DB498F2DCFF55D5458B29CF9DBD791C69394BCEDE3244F315F2DCD95BBBE86A11397B5B175D2FCE397BF7710A66D1ADB3F76E7CA61797B5123757D7A7AB5BFF17C2CBF17EF79BAB96BFB6EC1F104F7CA3F455036315865F8671FF83F68D335F35B7F2957239C8721BBB95AF948B6831E856BE526029C6AD7CA574D17CEE6FE52BA57FA645245F29FD48F397FBAD7CA5F453B49C02FFEDDECFD3693992DF22D545D7E0CF3903879D78DBE1128EF72F19BFBA25F497177B5E387862172DD7CF0BE761EAA2C51EF937C938D27CFDBC701E96219ACFFC0BE761EDA2E51BFF85F3B00DD1F276CEC37D9C82E522939B5A3F8D578FFF321967F6FE5F90EBC5F2D4BFC60FE39FE37DC992FFF7F8787D26E585C32976D1EA86C32975D1EA865F1A338E349F9EC333F9C2BF7CE8D3F2852FDF3117D162877EC774D1F7BF63FA399ACFC173B1A3FFEB7DFEC27FF21FEB87F3BF2197EF18FB96BFB60FF1D4F2A5FB1F78F8778A5FC915FACBCB35737826F7B4FE6FE2B9E171782637B58B6AF1E9F04CEE6AFD58AB51725BEBAAE55F2CCFE4BE76512D5F3C87677263EBC79A6F47B608C56DFBA433A15EE1A11CB02FFBA12E7F22DCEFF4FDA5972E1B7BEF4BBF6AE995965E6BE98D96DE6AE99D96DE6BE983963E6AE993963E6BE98B96BE6AE99B96B60D6A83CCE98C6D1174096A196A056A156A0D6A3BD4EEA0368C9F3F3338BF81F51B78BF81F91BB8BF81FD1BF8BF01001B10B001021B30B001041B50B001061B70108083001C04E0200007013808C041000E0270108083001C04E0200007013808C041000E0270108083001C04E0200007013808C041000E0270108083001C44E0200207113888C041040E2270108183081C44E0200207113888C041040E2270108183081C44E0200207113888C041040E2270108183081C44E0200207093848C041020E1270908083041C24E0200107093848C041020E1270908083041C24E0200107093848C041020E1270908083041C24E0200107093848C041060E32709081830C1C64E02003071938C8C041060E32709081830C1C64E02003071938C8C041060E32709081830C1C64E02003071938C8C041060E3270508083021C14E0A00007053828C041010E0A70508083021C14E0A00007053828C041010E0A70508083021C14E0A00007053828C041010E0A70508083021C54E0A002071538A8C041050E2A705081830A1C54E0A002071538A8C041050E2A705081830A1C54E0A002071538A8C041050E2A705081830A1C54E0A002070D3868C041030E1A70D08083061C34E0A001070D3868C041030E1A70D08083061C34E0A001070D3868C041030E1A70D08083061C34E0A001070D3868C0C10E1CECC0C10E1CECC0C10E1CECC0C10E1CECC0C10E1CECC0C10E1CECC0C10E1CECC0C10E1CECC0C10E1CECC0C1BE72B0B6899F5AC27258D7B0F8550761BCBE6CA17CE6F75076D5D2273EF8002D75D5DA803CB866661EC75A1A903E4C2843B53420FD66D9DA554BABD816A8B9997343B5BEA36B66EE0F67EABB81E4E5742E81E4A54481A4AC61B166F19535719F6C162F8B5AFC76DD7080652D07AF8A5DE5BCF28B8EBACA7925293E2C6E391CFCC2A3F18E8B577E8F6D1DAA7981CBE1E8171F0DD5D22CF61B68773A13B2FE6888CED1C4E3E665BFD1F6E5C3B11E77ACFDF2507B5C3DF62BD45E41ED35D4DE40ED2DD4DE41ED3DD43E40ED23D43E41ED33D4BE40ED2BD4BE41CDBAC703CBC793B53DB23A15079A16113C445F5BA21FCF542C541C582DC76CA47C84667AF73B523E2231298909EB24C3EF4E54582F1994C48575932FCA178FF9A075937BEDFAF1C40D305E4CB501C65C1B60CCB501C65C1B60CCB501C65C1B60CCB501C654B36EB27C66EB266B6D5031FFEC8062AE0D26E6DA4062AE0D22E6DA0062AE0D1EE6DAC061AE0D1AE6DA8061AE0D16E6DA4061AE0D12E6DA0061AE3D70F0E8AF7593F5FC0107D64D561D7060DD64D50107D64D561D7060DD64D15937596BC081759355071C58375975C081759355071C58375975C081759355071C58375975C081759355071C58375975C081759355071C58375975C081759355071C58375975C08175934567DD64AD0107D64D561D7060DD64D50107D64D561D7060DD64D50107D64D561D7060DD64D50107D64D561D7060DD64D50107D64D561D7060DD64D50107D64D561D7060DD64D15937596BC081759355071C58375975C081759355071C58375975C081759355071C58375975C081759355071C58375975C081759355071C58375975C081759355071C58375975C08175934567DD64AD0107D64D561D7060DD64D50107D64D561D7060DD64D50107D64D561D7060DD64D50107D64D561D7060DD64D50107D64D561D7060DD64D50107D64D561D7060DD64D15937596BC081759355071C58375975C081759355071C58375975C081759355071C58375975C081759355071C58375975C081759355071C58375975C081759355071C58375975C08175934567DD64AD0107D64D561D7060DD64D50107D64D561D7060DD64D50107D64D561D7060DD64D50107D64D561D7060DD64D50107D64D561D7060DD64D50107D64D561D7060DD64D15937596BC081759355071C58375975C081759355071C58375975C081759355071C58375975C081759355071C58375975C081759367DDFA6495A7F67C1DCF2F4C7312FDA6AFF1FA3A05D1F56363572D4BF40F7EFF66EAAAB543E9B714E7AE5AF6191DFCA6E232546B87D2753BEBF85CCBD6B9A3DF8337544B37D96F2DDEE94CC872D62E9AF7A88E926EC43B3EB5F7EBFE85C725C67EF3577F795D62ECB739C7AE5ABBC67EA373EAAAD513BFF1388F63AD67C82F311EAAC513BFABB80ED5D235F6DB6CDB5019D1D3644DBFC498CE847AD2377B4DFB86FBCF4187DF465E7E7FCBD1BD60BA60FC46B0F1FA72C19CFCD6BCAE72E6F8BD795DB59AE37700E771ACC51CBF07B80CD5628EDFE353BB6A8D5F7C1FBE0DD5FA8E7E96E5C3999A2DF49B76EFBA6AB9629EDC10763E13B891E5FE85C7A1A2FE794BFDE5F58AF17B836357ADA6F8DDC1A9AB9C293E6719C75A4F91CF5986EA0757CC6597DB69B962FC2EE1368EB55C317E7FEE4E6742AF98CB1B2E9EF412DCC5FCE6AFFB6772D9A7E007699DF7B3DE2FD7DFCE3362A7AF1E1F1C85F1FA7225F9BDC4B1AB56D3FC66E2D455AB697E37711EC75A4CF3DB89CB502DA6F9FDC4B5ABD62BE9DADDC0DA50ADEFE860DA1FCED4321ED8C1743754F6DF871915A3769A46C3F6DAFCA02C2DBDD2D26B2DBDD1D25B2DBDD3D27B2D7DD0D2472D7DD2D2672D7DD1D2572D7DD3D236A85C9E9B05BAC1DDF2E42CD00DA6966767816EF0B23C3D0B748385E5F959A07B09B55FA0F62BD4C0FB0DCCDFC0FD0DECDFC0FF0D00D880800D10D880810D20D880820D30D88083001C8471479ACE7D000EC2B8DBCC3AE0208C3BC9AC030EC2B84BCC3AE0208C3BC0AC030E0270108083001C04E0200007013808C041000E0270108083001C04E0200007013808C041040E2270108183081C44E0200207113888C041040E2270108183081C44E0200207113888C041040E2270108183081C44E0200207113888C041040E2270908083041C24E0200107093848C041020E1270908083041C24E0200107093848C041020E1270908083041C24E0200107093848C041020E1270908083041C64E02003071938C8C041060E32709081830C1C64E02003071938C8C041060E32709081830C1C64E02003071938C8C041060E32709081830C1C64E0200307053828C041010E0A70508083021C14E0A00007053828C041010E0A70508083021C14E0A00007053828C041010E0A70508083021C14E0A00007053828C041050E2A705081830A1C54E0A002071538A8C041050E2A705081830A1C54E0A002071538A8C041050E2A705081830A1C54E0A002071538A8C041050E2A70D08083061C34E0A001070D3868C041030E1A70D08083061C34E0A001070D3868C041030E1A70D08083061C34E0A001070D3868C041030E1A70D08083061CECC0C10E1CECC0C10E1CECC0C10E1CECC0C10E1CECC0C10E1CECC0C10E1CECC0C10E1CECC0C10E1CECC0C10E1CEC2B076BD6E5A71DDD4F0DBB9A1A8FCBD423BF143D1CC71383E66E9B9F7417BB6AED3BFA5177A9ABD6BEA39F7597C7B1962EE08D9F7C34544BDFF1C68F3E1AAAA559EC27D1B5A15A9AC57E14DD3ECEC4FAB95C0FF3AEAB966EF1E51452BEF2D4F4A3E3987E741946EC17F587FEFA328EF87023B94A9FF3338FBC3BF89977691C6B1E497CF00389F2502D9B0DFCD4BB32548B2BBEA35E876A71C58FA26B5D35ED45D9C769599AE07E3CDDDDE3477DECFC3E39F1E8781EB92353F5E6EBE33293A74F05F3CF280BF73FEF86B61DFC30BCD8556B24FCDC0F3BEC2ABB3EEE9FD2777BF5EC74BABDBEF67959EEBA3514F663F3CA50FDA033DF470EAD5EF8E97AE358CB15F2DC8FD71BE7620998FD8CCDBBAE5AAE90CB87A02BE4A98D5FC775E3978FD7C3787D41C5CFFA8B5DB5DEB7FCCCBDD455EB7DCB0FDDCBE358CBFDC14FDD2B43B5B8E2C7EED5AE5AF3123F77AF0DD5FA8E7E68DBC3995A9E7128F7ADBECD6BCE859FDCF9753C2FADF8DF8C09BBFF81C744D2CF33EE2FAF89E4ADDCCE2E0B3AD68BE85662E28B6A35CBCFE9CBFD1DD74BC80FEA2B43B598E527F5D5AE5AC784F9517DADAB960195073FAB6FC733E187F5DD75D5EDF3FB1B858DA93D1E6F4FA71BFFE5FD72BCE7B4F5AB97E649615A7AA5A5D75A7AA3A5B75A7AA7A5F75AFAA0A58F5AFAA4A5CF5AFAA2A5AF5AFAA625CBBBFA9AA1FBE77A5E82D900B508B504B581D93CB16B4035D70642736D0033D7061E736DC030D786F1CBA430F87CBF420DBCB7BC4BCF0BB86F7997EAC07FCBBB54070458DEA53A60C0F22ED501059677A90E38B0BC4B749677690D38B0BC4B75C081E55DAA030E2CEF521D70607997EA8003CBBB54071C58DEA53AE0C0F22ED501079677A90E38B0BC4B75C081E55DAA030E2CEF521D70607997E82CEFD21A70607997EA8003CBBB54071C58DEA53AE0C0F22ED501079677A90E38B0BC4B75C081E55DAA030E2CEF521D70607997EA8003CBBB54071C58DEA53AE0C0F22ED50107967789CEF22EAD01079677A90E38B0BC4B75C081E55DAA030E2CEF521D70607997EA8003CBBB54071C58DEA53AE0C0F22ED501079677A90E38B0BC4B75C081E55DAA030E2CEF129DE55D5A030E2CEF521D70607997EA8003CBBB54071C58DEA53AE0C0F22ED501079677A90E38B0BC4B75C081E55DAA030E2CEF521D70607997EA8003CBBB54071C58DEA53AE0C0F22ED159DEA535E0C0F22ED501079677A90E38B0BC4B75C081E55DAA030E2CEF521D70607997EA8003CBBB54071C58DEA53AE0C0F22ED501079677A90E38B0BC4B75C081E55DA2B3BC4B6BC081E55DAA030E2CEF521D70607997EA8003CBBB54071C58DEA53AE0C0F22ED501079677A90E38B0BC4B75C081E55DAA030E2CEF521D70607997EA8003CBBB54071C58DE253ACBBBB4061C58DEA53AE0C0F22ED501079677A90E38B0BC4B75C081E55DAA030E2CEF521D70607997EA8003CBBB54071C58DEA53AE0C0F22ED501079677A90E38B0BC4B749677690D38B0BC4B75C081E55DAA030E2CEF521D70607997EA8003CBBB54071C58DEA53AE0C0F22ED501079677A90E38B0BC6BD62D79D7C9EFEDFAEE02FCC3F5EF9F9F738FBFFDFD2FFF11FE617B6B0E0F0BF2EF0FF4B8B5C5EFB90AE3F5A5C1FCC23F20AFABD606B37F4E45EA2AD7B3F4BB28C6B19676EF0BBF8B62A8E69EE5D13FA9A276D5D2603EFA0733B4A19ADFF1E81FCCB0D39938FA0733DC0D9505640FB1CCA8CD0BF27B6D5E90AFA5575A7AADA5375A7AABA5775A7AAFA50F5AFAA8A54F5AFAACA52F5AFAAAA56F5ADA36A80D12E745F0117483B259974157A036785916E4836EB0B02CC807DD4BA8FD02B55FA106DE6F60FE06EE6F60FF06FE6F00C006046C80C0060C6C00C106146C80C1061C04E0200007013808C041000E027010808330EE12CB827CF52D8C3BC0B2201F74C041000E0270108083001C04E0200007013808C041000E0270108083001C04E0200007113888C041040E2270108183081C44E020020711EE07113888703F88C041040E2270108183081C44E0200207113888C041040E2270108183081C44E0200207093848C041020E1270908083041C24E0200107093848C041020E1270908083041C24E0200107093848C041020E1270908083041C24E0200107093848C041060E32709081830C1C64E02003071938C8C041060E32709081830C1C64E02003071938C8C041060E32709081830C1C64E02003071938C8C041060E3270508083021C14E0A00007053828C041010E0A70508083021C14E0A00007053828C041010E0A70508083021C14E0A00007053828C041010E0A70508083021C54E0A002071538A8C041050E2A705081830A1C54E0A002071538A8C041050E2A705081830A1C54E0A002071538A8C041050E2A705081830A1C54E0A002070D3868C041030E1A70D08083061C34E0A001070D3868C041030E1A70D08083061C34E0A001070D3868C041030E1A70D08083061C34E0A001070D3868C0C10E1CECC0C10E1CECC0C10E1CECC0C10E1CECC0C10E1CECC0C10E1CECC0C10E1CECC0C10E1CECC0C10E1CECC0C1BE72B03628FD9CA3FE18EFA71B9197893D6301B29F7F64BDB3FBC121731FF2F8CCCFA4EAAA65EDE4D13FF03475D5D2873CFA079EE6AE5AD64E1EFD034FCB50AD7D483F936AA8E6E5C747FF7C86363EFDD287F4CF67D8C799F8EED3BDBBE8F6F67EE9E495ADAF7E7EEB5790BF1C47B25FD17A95AB7D3212C9A6B6DCD8C97FEAA107E7D3743FD8A52FE5F72392FAEBCB52FEA37FAA44ECAA9B79F9FDD13F55228D63CD4BF98FFEA91279A8D663F9F95543B5F8E79FAF51876AF1CF3FB3A18D4FFFF80CE29D7F6DBF2AB9AB6EEF1F1C7DBF1EF3E5E30F8E36F22FBD34AF69D5D22B2DBDD6D21B2DBDD5D23B2DBDD7D2072D7DD4D2272D7DD6D2172D7DD5D2372D59CBF802E0BC1634406D2036EB0650736DE0B3AC6985E30D342EBAF51AF283ABCE17C877AFA1CBBCA5833D47FCBC33C24FA30BA787794C8FF3D18E07BF7E7CA8E6ED3047FFB48F3454CB35E49FF691876AB986FCD0A63254CB35E45769D7AEBA59AE21BFE5A70DD5F2E9FD76947DA81E2F98BB5E5AAEA1797ED5E509D25DB55C4317D5547AA5AAD75A7AA3A5B75A7AA7A5F75AFAA0A58F5AFAA4A5CF5AFAA2A5AF5AFAA625BB86E4546C03BAF93A88A01B40ADD7901E6FC0B2AC0B5F8EB75E437ED0D81824765A0789F9498861BCBEFCBDE0B7CFC4AE5AFF5EF0D3295357AD7F2FF8A43477D5F91EF130BDD0362CAC4F312A43F583DCF2F2DB2DD3DF8E32C3721CCB52E2C777941996782634B7BCBCE372F95C4AB05DE924BB2D7F7467EBDB2BC79DCD3DF43EDC1FF0E79FD6BF0E64BAE5502DF706996E3954CB9D4DA65B0ED572673BC95F077D4FE3E2964CB7ECC75AEF6C32DDB2AB0E87F90FB7E3C98FB71C079B6F6D974FB178336FB6ECB7B64B69B9B549E9553FFCA47AADA5375A7AABA5775A7AAFA50F5AFAA8A54F5AFAACA52F5AFAAAA56F5AB25B9B9C0ABBB5692D422D412D43AD40AD2EB5F5D6F6D4AED8F32A8A6946A247378CD7975B9B4C1BEDAA6549C6F1E4B79175D57A6B9369A3E358CBAD4DA68D0ED572B1C8B4D1AE5A9764C8B4D1A15ADFD14F1B7D3853DF7BD85B172D57CF93FB644F7E9FECC3F7CDB23FD6DF28C2FDCFB9FDB1473FF73476D5FA75E34792A6AE729EB8FB44EEAAF5EBE64ABE6EFABED7D51347411D9F6BB933C9B0D1A15A3C9161A3E34CACC77237FCBBAE5A4C797277ECF96B1027C0DEBFF0B878C9DF98C3787DB952FC9CD0D855EB95E2E784A6AE5A5DF17342F338D67A8EDC72A932548B2B7E4E68EDAAF54AB9F67B96876A7D47BF67F9E14C4D578A1F2370D7458B294F6E8E3D9DD7A6C98EF2EBDBDFDB4DF5D224687FFDFBBFFF6D5D6C7659CFD67B3CFE1B32DC1FD25F443284A1AB56BB64084357AD76C9108671ACE5E4C91086A15AEC92210C5DB5DA254318866A7D47BF99B9AB9E2F7FE9DC48DBE0723A17BF2E25F89BED4A560C9EBD992600DC0BA68BC94F851FAF2F17930C63E82AE78EFFDAE9AAD51D19C6308EB59C2B19C63054DF7767A8967F7DFA910D6DA896BFA8FDC886BDAB7EE04E57BD58DFD17D85BD7C38AB3A64F94C12DEF6EE5F78D866EEBFF9437F79D9667E94590D5DB51A25B31ABACA19E5BF8BC6B156A3FC77D1502D46F9E90AB5ABD6CBC84F346843B5BCA39F68B08F33B17C17F98906775D354F6A182530451AA3E7CBC8D6778D3F14AE4623F432DEC2FFC515C6EBCB65E4E727C4AE5ADDF1F3135257F5491AB641FEE6F9EDF1F6C66FDDCFE368EBD9728FCE2D43B5F873EB6E4D75A816AC6FFD8CEBA15A2E243FEA607F3857F33F60FDA883BBAE5AFCB99C64BACD49D3CDDFE62E3D89FE1DE4FFD40DE7BFCDCE7F7C2FF6F8B90AB1AB567BFC5C85D455EBC5A3E6F449EF8B397EAE4219EFF883BBDCE558EBC5E3A72FB47EACF3797DEC1BF8E90B7B57DD2F1CFFF9A7DFEE5B9247F90EEAAAC59C27C7C65FFDFF8E8DBFFFC1C7EF26FF4F8F305E5F5DF3ABD4BBCAB9E69FA9DC55CE35BF4A7D1C6B3D877E95FA50FDC0B54BA36571EDE4D7B2B77EACC5B5935FCBBE77D58F5CEBDD331B04FEB04A7D9CC379957AAFCDABD4B5F44A4BAFB5F4464B6FB5F44E4BEFB5F4414B1FB5F4494B9FB5F4454B5FB5F44D4BDB06B541E2B24A1D74096A196A056A156A838EF97D070BCB2A75F8D99750FB056ABF420DBCDFC0FC0DDCDFC0FE0DFCDF00800D08D800810D18D800820D28D800830D3808C041000E42D4F3178083001C04E0200007013808C041B883CF021C04E0200007013808C041000E0270108083001C04E0200007013808C041000E0270108083081C44E0200207113888C041040E2270108183081C44E0200207113888C041040E2270108183081C44E0200207113888C041040E2270108183081C44E0200107093848C041020E1270908083041C24E0200107093848C041020E1270908083041C24E0200107093848C041020E1270908083041C24E02001070938C8C041060E32709081830C1C64E02003071938C8C041060E32709081830C1C64E02003071938C8C041060E32709081830C1C64E02003071938C8C041060E0A70508083021C14E0A00007053828C041010E0A70508083021C14E0A00007053828C041010E0A70508083021C14E0A00007053828C041010E0A705080830A1C54E0A002071538A8C041050E2A705081830A1C54E0A002071538A8C041050E2A705081830A1C54E0A002071538A8C041050E2A705081830A1C54E0A001070D3868C041030E1A70D08083061C34E0A001070D3868C041030E1A70D08083061C34E0A001070D3868C041030E1A70D08083061C34E0A001070D38D881831D38D881831D38D881831D38D881831D38D881831D38D881831D38D881831D38D881831D38D881831D38D8570E963518167F7D7F2CF6BDE0216AF18B19427F79E9169FFCE488D8554BDFF1E45760A5AE5AFA8E27BFC23D8F63CD7DC7935FE15E866AEE3B1EE471955DB5F41D0FCF7DC03C54F33B1E6428F63813DF1F8ADD554BB7785EC9B49AE317C8F42D048F51CBBA50C62F220957FDF5B92B7CF2EBFC63573977A42B7C39967347BAC217D5B228E3E4D7F997F18EAB3BEB42C1DA456B53D86F066843359BE3176EECE33C2CDEB88F7ED7458B354F2E93390F81FEEE38F97BC1E375E352CFD05F5EAF1BD90DD055AB33B21BA0AB56676437C038D672DD1CFC7ABFA19A9D39C96E80A19A23B093EC0618AA39023B1DFC72BF7126666F4E7E4DF75D572DE63CB95CE6EAA9E532F72F4C298A0B00C3787DB95EFCCAF1D855AB2B7EE578EAAAD515BF723C8F632DAEF895E365A81657FCCAF1DA55EB05E3578EB7A15ADFD19D89FDE14C4D09D9C9AF0BBEEBAAC59527D7CB5CC97A198B19CF039E9EDA5173FF0367B72EBB01FC32B1D05F5FD6CC9EFCAAE43854F34A92935F959C866A5E337BF2EB8DF350CD6B664F7EBD7119AAC52DBF96B70ED5720DF9B5BC6D9C035B453972AA7DD496DFC82F92BC1BAA790ED3C3D1A60723F7DA9270F5A95B8FAA57AA7AADA5375A7AABA5775A7AAFA50F5AFAA8A54F5AFAACA52F5AFAAAA56F5AB2844B4EC536B85B132ED50DA696394C70BCC1CBAC1B742C7398E067070B6BC2A59FE525FCEC2F50FB156AE0BD255CFA1EE0BE255CAA03FF2DE1521D10600997EA80014BB854071458C2A53AE0C0122ED159C2A5B571B799671F01079670E9CF02079670A96EDC1396394CA01B7780650E13E880034BB8F47D81034BB854071C58C2A53AE0C0122ED501079670A90E38B0844B75C081255CAA030E2CE1129D255C5A030E2CE1521D70600997EA80034BB85407F7034BB85407F7034BB854071C58C2A53AE0C0122ED501079670A90E38B0844B75C081255CAA030E2CE1521D70600997E82CE1D21A70600997EA80034BB854071C58C2A53AE0C0122ED501079670A90E38B0844B75C081255CAA030E2CE1521D70600997EA80034BB854071C58C2A53AE0C0122ED50107967089CE122EAD01079670A90E38B0844B75C081255CAA030E2CE1521D70600997EA80034BB854071C58C2A53AE0C0122ED501079670A90E38B0844B75C081255CAA030E2CE1129D255C5A030E2CE1521D70600997EA80034BB854071C58C2A53AE0C0122ED501079670A90E38B0844B75C081255CAA030E2CE1521D70600997EA80034BB854071C58C2A53AE0C0122ED159C2A535E0C0122ED501079670A90E38B0844B75C081255CAA030E2CE1521D70600997EA80034BB854071C58C2A53AE0C0122ED501079670A90E38B0844B75C081255CA2B3844B6BC081255CAA030E2CE1521D70600997EA80034BB854071C58C2A53AE0C0122ED501079670A90E38B0844B75C081255CAA030E2CE1521D70600997EA80034BB854071C58C2253A4BB8B4061C58C2A53AE0C0122ED501079670A90E38B0844B75C081255CAA030E2CE1521D70600997EA80034BB854B772B08428D73428FE7B4348EE7FE0DC76BC0CF2B9F2DBC0FAEB6BDBD1EF878D43B536E95C9B350DD5D276F4DB02F350AD6D47F7B9CA502DA18A6CD51FAAB5EDE823AFA17ADC83BF8FD332F7C6FDF6B1BB2E9A37E43D9EAE87393EBD346FD4D7D22B2DBDD6D21B2DBDD5D23B2DBDD7D2072D7DD4D2272D7DD6D2172D7DD5D2372D6D1BD402D40661CB1C1FD00D7A96393EA0AB506B501B20CCC71BBECFB597F0B3BF40ED57A881F71B98BF81FB1BD8BF81FF1B00B001011B20B001031B40B001051B60B00107013808C041000EC2B8AF4C7E04E0208C7BC6AC030E0270108083001C04E0200007013808C041000E0270108083001C04E0200007013808C041000E0270108083001C44E0200207113888C041040E2270108183081C44E0200207113888C041040E2270108183081C44E0200207113888C041040E2270108183081C44E0200207093848C041020E1270908083041C24E0200107093848C041020E1270908083041C24E0200107093848C041020E1270908083041C24E0200107093848C041060E32709081830C1C64E02003071938C8C041060E32709081830C1C64E02003071938C8C041060E32709081830C1C64E02003071938C8C041060E3270508083021C14E0A00007053828C041010E0A70508083021C14E0A00007053828C041010E0A70508083021C14E0A00007053828C041010E0A70508083021C54E0A002071538A8C041050E2A705081830A1C54E0A002071538A8C041050E2A705081830A1C54E0A002071538A8C041050E2A705081830A1C54E0A002070D3868C041030E1A70D08083061C34E0A001070D3868C041030E1A70D08083061C34E0A001070D3868C041030E1A70D08083061C34E0A001070D3868C0C10E1CECC0C10E1CECC0C10E1CECC0C10E1CECC0C10E1CECC0C10E1CECC0C10E1CECC0C10E1CECC0C10E1CECC0C1BE72B0B61C9F9A5B74BD8C78F7B3EA427F795D14ECE7E7C4AE5A979FFA312EA9ABD6E5A77E6C481EC75A1683FA45FE65A896058D7EB179EDAA75F9E9955B60DC866A7D47BFFC749C897951B0361B2F677369365E4A3016E7DA8F2D1AE38AEE5F98D604FBB9EDE3F5654DB05F8B1ABBCA99E2D7D0779533C5AFA11FC75A4F919FAC32548B297EE57BEDAAD5143FB2B00DD5F28ED76E64E1FE70A6E635C17E98E05D572DAE3C39ACE8DC44D765F4D330A97BC1E31A60FFFB85FEFADA8CF7A30B63572D53F54F7E74611AC75A9AF17ECF481EAAA519EF471796A15A9AF1320A747CAEA5192F030E87EA7154CDFE705A262B0E7EDAE65D572D563C399AE8FAA941D3F72F3C5E201E9E305E5F2E906B876BECAA65F2E7C98F364C5DB55E207EB461EEAA7593891F6D58866AB940FC68C33A548B057EB4611B2A4B9E1E06469DFC68C39DCE04B872193DB48CC53BDDB8514D2F1F8EA513D8AEFFB7C3A7EF7F60BA88FCF0E9FEFA7A11F9415771A89644CB8F3F4C43B55C44378E863C54CB45E4C71F96A15A1CF4E30FEB502D0ECA60C3AEBA991E4D314ECB02AEACA37F3879CF1E27453D9EB0C74C4B874F77D53C575F4BAFB5F4464B6FB5F44E4BEFB5F4414B1FB5F4494B9FB5F4454B5FB5F44D4B9669C1F069A80DC6D64C4B7F76F0B3665AAA1B6CCCBA06EFBB43ED0E6A2FA1F60BD47E85DA2BA881F99669E9EF01F65BA6A53A00C0322DD501029669A90E20B04C4B758081655AA2B34C4B6B016AC081655AFAB3C081655AAA030E2CD3521D70609996EA8003CBB454071C58A6A53AE0C0322DD501079669A90E38B04C4B75C081655AAA030E2CD3521D70609996E82CD3D21A70609996EA8003CBB454071C58A6A53AE0C0322DD501079669A90E38B04C4B75C081655AAA030E2CD3521D70609996EA8003CBB454071C58A6A53AE0C0322DD50107966989CE322DAD01079669A90E38B04C4B75C081655AAA030E2CD3521D70609996EA8003CBB454071C58A6A53AE0C0322DD501079669A90E38B04C4B75C081655AAA030E2CD3129D655A5A030E2CD3521D70609996EA8003CBB454071C58A6A53AE0C0322DD501079669A90E38B04C4B75C081655AAA030E2CD3521D70609996EA8003CBB454071C58A6A53AE0C0322DD159A6A535E0C0322DD501079669A90E38B04C4B75C081655AAA030E2CD3521D70609996EA8003CBB454071C58A6A53AE0C0322DD501079669A90E38B04C4B75C081655AA2B34C4B6BC081655AAA030E2CD3521D70609996EA8003CBB454071C58A6A53AE0C0322DD501079669A90E38B04C4B75C081655AAA030E2CD3521D70609996EA8003CBB454071C58A6253ACBB4B4061C58A6A53AE0C0322DD501079669A90E38B04C4B75C081655AAA030E2CD3521D70609996EA8003CBB454071C58A6A53AE0C0322DD501079669A90E38B04C4B749669690D38B04C4B75C081655AAA030E2CD3521D70609996EA8003CBB454071C58A6A53AE0C0322DD501079669A90E38B04C6BD6AD9996CC22FAC113EF6C28C8FC3C5C9F1384FEFADA74F44F1A8943B5341DFD737CD350D9A77F6CCFFA077EE4A15A9B8EFED14443B5361D5D9253BB6A79E2DD4926470DD5FAE9FDA389866A7AE0DDC3C99B9B8EF330A2CB13EFBA6C59487F512D4D4729BDD61F7CA3A5B75A7AA7A5F75AFAA0A58F5AFAA4A5CF5AFAA2A5AF5AFAA6256B3ACAEFBD0DEAE686E0606C6D3AEACF0E7ED6A6A3EA061B17DD7A11F9A9510F21E46596517F2687CFAFC2F5E5E53518F68F84895DB56690FE9130A9ABD688C53F12268F632D89A07F484B19AAF95A39CA036DBA6ACD20FDA35CDA50ADEF28C1F0C3899A9EDC210FB419E7CB4ED8C3D31D7A8DA2613F2EEA7CDF3AC7984F0D26BABECC383A1C2E4FB8F1416218AF2FC1827F8E4CEC2A679744C697F7727649647C51AD89987F8E4C19EFF803BB2EC7FA915D5DF503BB2E2AE3FABB768DF339DB35CF91EA77BB4B69B9DB49E955FF2527D56B2DBDD1D25B2DBDD3D27B2D7DD0D2472D7DD2D2672D7DD1D2572D7DD392DDEDE454D8DD4E6B03BBF56EA7BA0C3F3B009A7FB682AE416D87DA1DD45E42ED17A8FD0A35F0DEB60DE9EF06EEDBB621D581FFB66D487540C0060858C4A23F0B1058C4A23AC0C02216D159C4A235E0C0B60DA92E410D38B088457F1638B0884575C081452CAA030E2C62511D7060118BEA80038B5854071C58C4A23AE0C02216D5010716B1A80E38B0884575C081452CA2B388456BC081452CAA030E2C62511D7060118BEA80038B5854071C58C4A23AE0C02216D5010716B1A80E38B0884575C081452CAA030E2C62511D7060118BEA80038B5854071C58C4223A8B58B4061C58C4A23AE0C02216D5010716B1A80E38B0884575C081452CAA030E2C62511D7060118BEA80038B5854071C58C4A23AE0C02216D5010716B1A80E38B088457416B1680D38B0884575C081452CAA030E2C62511D7060118BEA80038B5854071C58C4A23AE0C02216D5010716B1A80E38B0884575C081452CAA030E2C62511D7060118BEA80038B584467118BD680038B5854071C58C4A23AE0C02216D5010716B1A80E38B0884575C081452CAA030E2C62511D7060118BEA80038B5854071C58C4A23AE0C02216D5010716B188CE2216AD010716B1A80E38B0884575C081452CAA030E2C62511D7060118BEA80038B5854071C58C4A23AE0C02216D5010716B1A80E38B0884575C081452CAA030E2C62511D7060118BE82C62D11A7060118BEA80038B5854071C58C4A23AE0C02216D5010716B1A80E38B0884575C081452CAA030E2C62511D7060118BEA80038B5854071C58C4A23AE0C02216D159C4A235E0C02216D5010716B1A80E38B0884575C081452CAA030E2C62511D7060118BEA80038B5854071C58C4A23AE0C0229659B77687CF738DFEFBCFFF757EFAF2BF1DAD51F9D01DBE0C3C1ADD61975884EBCBCB6B77589ED8DC556BBB519ED8DC556BBB519ED83C8EB534FFE489CD43F5838144974F7FB2D3F298DDC8139BC7B1E605F887FFC7D999ED46B26CD9F1571AFD01025945B25880FA021973B0E6797815D46ABD36047DBF1699E1497737AB73FAEA75A74524196E99AC5ADB8797FD5902F624B86CE8785C4D387CAE4938FCB853940ECAD30BD5B2887E9BA8F27A130263540EEA6F46E5A0FE6654CABDFE7A540AF5D7A352A8BF1E9542FDF5A8D893C0A85C1E6795011F351B957E855D7F32CA5DB3D2AE5F52331C2F771F99AED9301E543738DDC76F3AA86E703A1DE672AF7670BA1C7F29543338DD8FB51E5013D0DF744DC5AD40F5FBE15C94F218FEF25C940B548FCC1FD7D96581C55FAFE87A02AACF4DBFDEAEBCDE7E6EFAE54407D50CCD4D7F62F87450199A7FFCF7FFFB8FBBABEB17AF5EBC7CFDBA3F39632E77AB1FD64D7FB2F852A8A67DD2B775D642D59F9C9BFE44A4AD50F527E7A63F1169BF3CABA67DD23D8B870B550FD01F97DCDDE992BBEBDBFFF67862FAB9E3B5FDCFFFFDBFFE235FC6D797BF404F175D4EB3E9976D0DC7CBCDC7E9A63FB9693CA86ECCFA2DF10EAAF938DDF46716CDE55EED88F55BE215AA19B17E71D77A50EDE7E9AADF12AF50ED3BF6BDFCF224EA4FD48B7E29D5C385AA47EC8F2BF3EEFEB432EFE985E78F52BF4E6E28AFD71FA59BFE04A5F1A0DA61E98F229A0EAA1D96FE28A2B9DCAB7948FD51444BA19A61E93FBCEB41B5C3D21F58B415AA7DC7BE6D6C4FE245FF717BB83CCF7A58CEABF5EC6FD0E35C19FBE7DA63B7F37172CCF9D89A7E5DE270BCDC7E58FAC393C683EA46A5EF0E1F54372A7D77B8DCAB7D46FD82E242D5A372D31F6BB416AAF97AEB8F35DA0AD57CBDF5C71AEDF624F80F83F3D3BCBE6E7FAE97ED69616F2EF7E27AC9C765BFED22E33F4C5D7AFA47444E1BFAF3D7603BA7A95F4C3A3CBD53E60EE4A37CF9B7EC4D7F02D358A87A56D0CD0B7C0F1ED37DEAD6F94D7F02D35CEE55CF69BAE9CF405A0AF537DF83E7777CFC72AA7E7A7C0F1E54B51AF9B8FD7D7DA17CE91D0FEFC5DDF3A48CE7077659487994EA2E3F4BEF59FAC0D247963EB1F499A52F2C7D65E91B4BDF59FAC1D24F967EB1F49BA5D3496AC5BA664E937093D48A3FCD9C26E156A96D52DBA5F620B537527B2BB5775293B13FC9E09F64F44F32FC2719FF93087012034EA2C0491C38890427B1E0241A9CC483413C18C483A17CD754E33B8807837830946F8DFA5AF160100F06F160100F06F160100F06F160100F06F160100F06F160100F06F160100F06F160100F06F160100F06F160100F46F160140F46F160140F46F160140F46F160140F46F160140F46F160140F46F160140F46F160140F46F160140F46F160140F46F160140F46F160140F46F160140F26F160120F26F160120F26F160120F26F160120F26F160120F26F160120F26F160120F26F160120F26F160120F26F160120F26F160120F26F160120F26F160120F66F160160F66F160160F66F160160F66F160160F66F160160F66F160160F66F160160F66F160160F66F160160F66F160160F66F160160F66F160160F66F160160F16F160110F16F160110F16F160110F16F160110F16F160110F16F160110F16F160110F16F160110F16F160110F16F160110F16F160110F16F160110F16F160110F56F160150F56F160150F56F160150F56F160150F56F160150F56F160150F56F160150F56F160150F56F160150F56F160150F56F160150F56F160150F56F160150F36F160130F36F160130F36F160130F36F160130F36F160130F36F160130F36F160130F36F160130F36F160130F36F160130F36F160130F36F160130F36F160130F76F160170F76F160170F76F160170F76F160170F76F160170F76F160170F76F160170F76F160170F76F160170FF6D683A6CB7FD7AF017BCA8A13D1FF69B5D1D305CFBBB7F5ED8BE178BD0B1DD1303B2F9C7ADC56EE39DCEB8F2E9FCABD9AD0B13FBA7C2E54133AF647972F85FA9BD0F158D0F537A1E341D5A1E3B974FF5C7A284F2A71F865D9D7F3D3794E18CF573609234AEF8F0BEB75442C7D64E9134B9F59FAC2D25796BEB1F49DA51F2CFD64E9174BBF594AC28847712A8AB50923B9A24FCD1559DA8491D7AEF2BE9BD476A99581AFDFE38D706FA5F64E6A32F64918F933CBE827612427E39F84919C189084919C389084919C589084919C789084115C1246D646A989074918796DF98A68134672E241124672E241124672E241124672E241124672E241124672E241124672E241124672E241124672E241124672E241124670491859130F923092130F92309293EF83248CE4C483248CE4C483248CE4C483248CE4C483248CE4C483248CE4C483248CE4C483248CE4C483248CE4C483248CE09230B2261E246124271E246124271E246124271E246124271E246124271E246124271E246124271E246124271E246124271E246124271E246124271E246124271E24610497849135F120092339F120092339F120092339F120092339F120092339F120092339F120092339F120092339F120092339F120092339F120092339F1200923B8248CAC89074918C989074918C989074918C989074918C989074918C989074918C989074918C989074918C989074918C989074918C989074918C989074918C989074918C12561644D3C48C2484E3C48C2484E3C48C2484E3C48C2484E3C48C2484E3C48C2484E3C48C2484E3C48C2484E3C48C2484E3C48C2484E3C48C2484E3C48C2082E09236BE241124672E241124672E241124672E241124672E241124672E241124672E241124672E241124672E241124672E241124672E241124672E241124672E241124670491859130F923092130F923092130F923092130F923092130F923092130F923092130F923092130F9230926B3D6813C6C71546F5C4D4BF4D18CF4B92CA89E7FDB916C3E32E678F5B2235195D7F50C278508F33B6AA84B13BFF672AF73A4F8EBDBEBD7AF5EAFAEAF6FE05E6AC1EEFD9DEAD9B24B994BBE5F954EFD9ADD0580BD5CC59ED170F6DE5E7AF4E88384ACD54DD17D7DD24DC874235B1E3E5913DC78E5820F6EEB8B2CA3FDEB3F481A58F2C7D62E9334B5F58FACAD23796BEB3F483A59F2CFD62E9374B891DF174123BB2562C6BB62F126E965AB1A5D9BE48B86242CDEDC295816F6347FECC6FE55A19FA938C7D6247DE4F463FB1233919FFC48EE4C480C48EE4C481C48EE4C482C48EE4C483C48EE0123BB2261E64622339F120131BC995EF883A8A140F123BF25AF120B12339F120B12339F120B12339F120B12339F120B12339F120B12339F120B12339F120B12339F120B123B8C48EAC8907891DC98907891DC98907891DC98907891DC98907891DC98907891DC98907891DC98907891DC98907891DC98907891DC98907891DC98907891DC12576644D3C48EC484E3C48EC484E3C48EC484E3C48EC484E3C48EC484E3C48EC484E3C48EC484E3C48EC484E3C48EC484E3C48EC484E3C48EC484E3C48EC484E3C48EC082EB1236BE241624772E241624772E241624772E241624772E241624772E241624772E241624772E241624772E241624772E241624772E241624772E241624770891D59130F123B92130F123B92130F123B92130F123B92130F123B92130F123B92130F123B92130F123B92130F123B92130F123B92130F123B92130F123B92130F123B824BECC89A7890D8919C7890D8919C7890D8919C7890D8919C7890D8919C7890D8919C7890D8919C7890D8919C7890D8919C7890D8919C7890D8919C7890D8115C6247D6C483C48EE4C483C48EE4C483C48EE4C483C48EE4C483C48EE4C483C48EE4C483C48EE4C483C48EE4C483C48EE4C483C48EE4C483C48EE4C483C48EE4C483C48EE0123BB2261E247624271E247624271E247624271E247624271E247624271E247624271E247624271E247624D77AD0C68EFDF6454FCBA96F1E83BEA7FDBB4F77CD3646FD89B7C3F172BB2EFE65970B8E07D5AE8BEFCF489F0EAA5D17DF9F913E977B35EBE2FB33D29742D519E30B6E2271FEE5DADD0AFA039FB7E35E37ED3B766BD9F7F224FE661389631FA32676FCE33E46AFFEB48FD1D30BD52612FD3E46E5F5661389FE58F7F1A09AE39D6FFA03A9A783EA86A58B6BE7836A36B3BFB9E9F7F6285413FDDE74BAACE5E7AA1FE50D36CB2954332CD82DE7F2A4EADD58900617AA1E96A3269B48BCC246467F73ACCAD305D56CE0EE171E8ED7DBACBE3FB37B2C54331BB83FF07D2A54331BB83FC8652E5493D4F747582C856A86AB3F39612D54BE789EF3FCFE08F6EDA0EAB39C9F7FED92B73F9427D50C44BD6FD1F95481823DCF197EC7D27B963EB0F491A54F2C7D66E9CB51AAD2C7AF2C7D63E93B4B3F58FAC9D22F967EB3743A49AD28D6CC0616AEE8D3CC0616AEA8D1C4F2C295616F6279E1CAC037B1BC706FA55686BEBEB68C7D5D2B835FD7CAE8D7B532FC75AD8C7F5D13014E62C049143889032791E024169C44839378308807837830942F963A46170F86F2A55173E2C150BE109A589EE336EC52130F8637C289078378308807837830880783783088078378308807837830880783783088078378308807A378308A07A378308A07A378308A07A37830CAF7C1281E8CE2C1281E8CE2C1281E8CE2C1281E8CE2C1281E8CE2C1281E8CE2C1281E8CE2C1281E8CE2C1281E8CE2C1241E4CE2C1241E4CE2C1241E4CE2C1241E4CE2C1241E4CE2C1241E4CE2C1241E4CE2C1241E4CE2C1241E4CE2C1241E4CE2C1241E4CE2C1241E4CE2C1241E4CE2C12C1ECCE2C12C1ECCE2C12C1ECCE2C12C1ECCE2C12C1ECCE2C12C1ECCE2C12C1ECCE2C12C1ECCE2C12C1ECCE2C12C1ECCE2C12C1ECCE2C12C1ECCE2C12C1ECCE2C1221E2CE2C1221E2CE2C1221E2CE2C1221E2CE2C1221E2CE2C1221E2CE2C1221E2CE2C1221E2CE2C1221E2CE2C1221E2CE2C1221E2CE2C1221E2CE2C1221E2CE2C12A1EACE2C12A1EACE2C12A1EACE2C12A1EACE2C12A1EACE2C12A1EACE2C12A1EACE2C12A1EACE2C12A1EACE2C12A1EACE2C12A1EACE2C12A1EACE2C12A1EACE2C1261E6CE2C1261E6CE2C1261E6CE2C1261E6CE2C1261E6CE2C1261E6CE2C1261E6CE2C1261E6CE2C1261E6CE2C1261E6CE2C1261E6CE2C1261E6CE2C1261E6CE2C12E1EECE2C12E1EECE2C12E1EECE2C12E1EECE2C12E1EECE2C12E1EECE2C12E1EECE2C12E1EECE2C12E1EECE2C1DE7AD0C4F2AFFA0DB94B1CFFF44215FCF61B7197D79BE0F7B68B61C7836AF3F87EBFF5E9A0DAE0F7B67BC7B9DCAB8961FBCDA6974235793C760F3EA8368FEF7748DE0AD5BEE38B766FD9DD9E04770F2E549337FE711BEE57FD36DC976139EF037DEC1EFCEAAAFD5986A7EB326ACDA8F41BD18E07D58E4ADFB3980EAA1D957EF6F75CEED53EA3FED8EC4235F96EBFF1F55AA826DFBDEBB7982D54B37BF05DBFD5F641DD37877EF7B3D21FCAF3BA6E6ED63FD63797C7CAED835FFD69FBEDA7179E3F40AFAEFBA13A6F1DDD0E554F8DC75DDAA1EA77419E0EAA1DAAFEB4F4B9DCAB19AAFEB4F4A5507F3354E79FBE3997E3A63F537D2BF76A9F6E27C77E50F7CF3BFF3E5C1E5EA3C2ABEEEBE54DC1AE645CFEB4FFF6E346F6CFFB6FF78F72385EEE86A5EF331E54DBD0EA8FB69E0EEA72C0C0D5DDD5CDF5CBEB6E99C27C606D47AB3FBF7B2954332EFDF9DD6BA19AE7D69F80BD15AA1997FEFCEE5D1F457F32F743A1EA8D9B8F9A75B4FADDB62F5F6C65F3ECF3690CBDBCC3ABE3F5E69BEDBE3F93E3A0DA8F4B7F08C37450EDC7E5BE3F93A3DCABF9B8DCF7677214AA1D96EEDB682D54332CFD712F5BA19A61E90FE1D9F549F487F03C14AA199663D370F9B43C2E21FA671605BD3AAF39BACE7EE88F8767F4DF22C3F17ADB68ECCF001A0FAA5D14D49FEE33957B9DDFEAF5DDDDEDCBABAC0CBAEFDBCC73019B5EE3EB7E5550A19A117BDDAF0A2A543B629D235BF905AA5541E5C934A2BEEEB4792854333CE7677AFED41CED472CED7A775C59F53CDEB3F481A58F2C7D62E9334B5F58FACAD23796BEB3F483A59F2CFD62E9374B693FE2E99C8A786DFB915C91AA6D3F925BE43D56A91513DAF623EF5706BE6D3F927B2BEF21437F92B13FC9E09F64F44F32FC2719FF930890F6237F665120ED47722241DA8FE44483B41FC1A5FDC89A7890F62339F120ED4772E241DA8FE4C483B41FC98907693F92130FD27E24271EA4FD484E3C48FB919C7890F62339F120ED4772E241DA8FE4C483B41FC98907693F824BFB9135F120ED4772E241DA8FE4C483B41FC98907693F92130FD27E24271EA4FD484E3C48FB919C7890F62339F120ED4772E241DA8FE4C483B41FC98907693F824BFB9135F120ED4772E241DA8FE4C483B41FC98907693F92130FD27E24271EA4FD484E3C48FB919C7890F62339F120ED4772E241DA8FE4C483B41FC98907693F92130FD27E0497F6236BE241DA8FE4C483B41FC98907693F92130FD27E24271EA4FD484E3C48FB919C7890F62339F120ED4772E241DA8FE4C483B41FC98907693F92130FD27E0497F6236BE241DA8FE4C483B41FC98907693F92130FD27E24271EA4FD484E3C48FB919C7890F62339F120ED4772E241DA8FE4C483B41FC98907693F92130FD27E24271EA4FD082EED47D6C483B41FC98907693F92130FD27E24271EA4FD484E3C48FB919C7890F62339F120ED4772E241DA8FE4C483B41FC98907693F92130FD27E24271EA4FD082EED47D6C483B41FC98907693F92130FD27E24271EA4FD484E3C48FB919C7890F62339F120ED4772E241DA8FE4C483B41FC98907693F92130FD27E24271EA4FD484E3C48FB115CDA8FAC8907693F92130FD27E24271EA4FD484E3C48FB919C7890F62339F120ED4772E241DA8FE4C483B41FC9B51EB4EDC7C73544764AE6ABF3E2A2EBEB230EEE42BCA1BCDEA66CFDB6E607D5C4C1B73807F8A09A38F8B63FDF772EF7AAE3E0DBFEE4DEA550790A97250AB7FD51A26BA1EA70F1B63F11772B541D07DF5EF58797DA93C0319997C7D9BE63177ABEB9DC4B12E27EFDD625B86FD66DBDEA8F9F7F75AC43AA072AE16DDB0C1B0FAA1BA82E349D0EAA1B28F489CFEFD8B4536EFB736D97F28ECD40F5E7DAAE07D5F4896FFB736DB742356AF4E7DAEEE549D48B8D385065D956750CE671A17453EEFB655B8F9DAD9B8CF19F4E0B78BAA06A4AF6CBB9CAEBCD68F5A7EA8E07D58E56DFD69A0EAA1DADFE24DBB9DCAB7D76FD72AE42B5A3D52FE72A5423F9757FF679A19A8F557F92ED6E4F02A375799CCD3BF6E7DDBEB9DCEB7915D1DBA3F6FAFA7218C13B96DEB3F481A58F2C7D62E9334B5F58FACAD23796BEB3F483A59F2CFD62E9374BA793D406A91513ABA7782ADED5B562595D5BE47EABD436A9153BEAFB3D085746BEE664E44F32F42719FB930CFE4946FF24C37F92F13F89002731E0240A9CC481934870120B4EA2C1493C18C483413C18C483413C18C483413C188A07D757F7978FE75044B8BE7AFD5C7CFE9EA88A4585867CFE16A8C8224343161B9A62D1A129161F9A6211A22916239A6251A22916279A6291A229162B9A62D1A229162F9A6211A32916339A6251A32E8EC58DA658E4688AC58EA658F4688AC58FA65804698ACF863C8FE668868C66C868868C66C868868C66C868868C66C868868C66C868868C66C868868C66C868868C66C868868C66C868864C66C864864C66C864864C66C864864C66C864864C66C864864C66C864864C66C864864C66C874F9A3F2FCCFD0E9F247A5AA5DFEA854B5CB1F95AA76F9A352D52E7F54AADAE58F4A55BBFC51A96A973F2A55EDF247A5AA5DFEA83CD7E6CB1F95AA76F9A352D52E7F54AADAE58F4A55BBFC51A96A973F2A55EDF28F8BAA76F9C74555BBFCE3A2AA5DFE7151D52EFFB8A86A977F5C54B5CB3F2EAADAE51F1755EDF28F8BAA261ECCE2C12C1ECCE2C12C1ECCE2C12C1ECCE2C12C1ECCE2C12C1E2CE2C1221E2CE2C1221E2CE2C1221E2CE2C1221E2CE2C1221E2CE2C1221E2CE2C1221E2CE2C1221E2CE2C1221E2CE2C1221E2CE2C1221E2CE2C1221E2CE2C1221EACE2C12A1EACE2C12A1EACE2C12A1EACE2C12A1EACE2C12A1EACE2C12A1EACE2C12A1EACE2C12A1EACE2C12A1EACE2C12A1EACE2C12A1EACE2C12A1EACE2C12A1E6CE2C1261E6CE2C1261E6CE2C1261E6CE2C1261E6CE2C1261E6CE2C1261E6CE2C1261E6CE2C1261E6CE2C1261E6CE2C1261E6CE2C1261E6CE2C1261E6CE2C1261EECE2C12E1EECE2C12E1EECE2C12E1EECE2C12E1EECE2C12E1EECE2C12E1EECE2C12E1EECE2C12E1EECE2C12E1EECAD074D5BE0FEBFBAEFD1D326622FAF2E9B883D5DF8BCFFD1AB7EFFA3E3F5665AF2ED8B6E45CF58A87AFFA3DB17DD3E5C53A1EA1526B72FBA130DE642D573926F5FF47392CBCFFDA2095E5FF49392CBCD9E5389ED28D5BB1D959BD5F7BAEE77DB7A38A8FBE7FFBFBE797E3A9763098E52355DF51D4BEF59FAC0D247963EB1F499A52F2C7D65E91B4BDF59FAC1D24F967EB1F49BA5C494E70DA3EAC9BC83D48A503557F4692620CBB58BD456A915119A09C8C295716F26200BF7566A32F48929F90C64F013539293E14F4C494E04484C494E14484C494E24484C494E34484C092E31256BE241624A72E241624A72E241624A72E2C1B00B271E0CE50BA0DE4F493C18C483413C18C483413C18C483413C18C483413C18C483413C18C483413C18C483413C482489F118C583513C18C583513C18C583513C4816C99F453C4812494E3C480E494E3C480A494E3C4806494E3C4802494E3C48FE484E3C48FA484E3C48F6484E3C48F2082EC1236BE241624772E241424772E241224772E241024772E241E24672E241C24672E241A24672E241924672E2C1241E4CE2C1241E4CE2C1241E4CE2C1241E4CE2419246FC1EB378308B07B378308B07B378308B07B378308B07B378308B07B378308B07B378308B07B37890A491CF4F3C48D2484E3C48D2484E3C48D2484E3C48D2484E3C48D2082E49236BE241924672E241924672E241924672E241924672E241924672E241924672E241924672E241924672E241924672E241924672E241924672E241924670491A59130F923492130F923492130F923492130F923492130F923492130F923492130F923492130F923492130F923492130F923492130F923492130F923492130F9234824BD2C89A7890A4919C7890A4919C7890A4919C7890A4919C7890A4919C7890A4919C7890A4919C7890A4919C7890A4919C7890A4919C7890A4919C7890A4115C9246D6C483248DE4C483248DE4C483248DE4C483248DE4C483248DE4C483248DE4C483248DE4C483248DE4C483248D35D7268D7FDAFFE8FEBC37CF650272BFFF5179BD0DECFA79AD07D5CE94EC4F339D0EAA9D29F9A29FD75AEED5CC947CD9ED00B414AA9929F9B2DB7C663DA8765EEBCB2E07DD0AD5BE637F1EC1E549D51BDFF7539E1F0EAA891BFFB8FDD1FD9FB63F7A7AE1DFFEF5D8FEA8DF2365385E6E366FB97DD945B2E341B583F2B28B64A7836A07E5657F1A41B957FB88307DF5BC6BD3CB7650307DF54C758382E9AB07D5BC637F78C55E9E44C4BFCC437F89ED8F0EAA1994F3ED6DB2F19F763ABA3F76323AE6EAF77BD20CE5F5E6A3D21FA4311E543B2AFD1119D341B5A372D32939977BB5CFA8F3602954332A7D4EBE1E543B2A379D075BA1DA77EC3CD82F4FAA5E1DD09F4AF17050CDA89C1FB18D4ABFCFD1DF1DE7FCB823566689979D5BFABD8186E3F5B645D29F893116AA6991F467624C853AEFDC727775FD320D9257F757FD71CE856B9A24FDB1144BA1EAF17AD9B765D6423553B2FBC32BB6836ADA26C783A935E58CEF33D48CCDB9546FDB72DCBDE99A9CA97ADB16521F58FAC8D227963EB3F485A5AF2C7D63E93B4B3F58FAC9D22F967EB394AE091EC5A958D76CDB225C31AAED9AF07EC5959A2B66D4B5E241DB35E1FD1EE4677923B5B7527B27B5F75293C14FD7843F8B0C7FBA26E44480744DC88902E99A901309D23521271AA46B022E5D13D6C483744DC88907E99A90130FD23521271EA46B424E3C48D7849C7890AE0939F1205D1372E241BA26E4C483744DC88907E99A90130FD23521271EA46B424E3C48D7045CBA26AC8907E99A90130FD23521271EA46B424E3C48D7849C7890AE0939F1205D1372E241BA26E4C483744DC88907E99A90130FD23521271EA46B424E3C48D7045CBA26AC8907E99A90130FD23521271EA46B424E3C48D7849C7890AE0939F1205D1372E241BA26E4C483744DC88907E99A90130FD23521271EA46B424E3C48D7849C7890AE09B8744D58130FD23521271EA46B424E3C48D7849C7890AE0939F1205D1372E241BA26E4C483744DC88907999F4D4E3CC8FC6C72E241E66793130F323F9B9C7890F9D9E0D235614D3CC8FC6C72E241E66793130F323F9B9C7890F9D9E4C483CCCF26271E647E3639F120F3B3C98907999F4D4E3CC8FC6C72E241E66793130F323F9B9C7890F9D9E4C483744DC0657E366BE241E66793130F323F9B9C7890F9D9E4C483CCCF26271E647E3639F120F3B3C98907999F4D4E3CC8FC6C72E241E66793130F323F9B9C7890F9D9E4C483CCCF0697AE096BE241E66793130F323F9B9C7890F9D9E4C483CCCF26271E647E3639F120F3B3C98907999F4D4E3CC8FC6C72E241E66793130F323F9B9C7890F9D9E4C483CCCF26271EA46B022EF3B359130F323F9B9C7890F9D9E4C483CCCF26271E647E3639F120F3B3C98907999F4D4E3CC8FC6C72E241E667936B3D68BB267FDAC53B7BB89FC3C5F3B62DFD96E24379BD8982FB3363C7836AA3E0FECCD8E9A0DA28B83F33762EF76A82D9FECCD8A5504D14DC9F66B11E541B05F7A7596C856ADFB13F9FE0F2A4FE3A0A3E76EC7E5E92F7E6B8D0A2E0C7AD77FA4DBC6FF363FC713790F35E3DA59BD2E5E3C3FDF9E5B69BD21FB8311E543B58FD511AD341B58375D7359CE672AFE6D1F5C7572C856A060B476E17AAC981FBE32BB642359B81F4878FEFF624A49B727E5EB7F5601DA57AE30F6C90F4EEB87D930D83FA40EA234B9F58FACCD21796BEB2F48DA5EF2CFD60E9274BBF58FACD52B261FCDEC986592BD6B533EAC915A36AAEF8D366C3BCB6B8D166C3E41EE4E77B23B5B75293A1CF8C7ABE870C7EB2617232FCC986C98900C986C98902C986C98904C986C98906C986C1251B664D3C48364CAE7CD7D4B3D8C5836CFCC16B57A98907C98679AD78906C989C78906C989C78906C989C78906C989C78906C989C78906C989C78906C989C78906C989C78906C185CB261D6C48364C3E4C48364C3E4C48364C3E4C48364C3E4C48364C3E4C48364C3E4C48364C3E4C48364C3E4C48364C3E4C48364C3E4C48364C3E4C48364C3E0920DB3261E241B26271E241B26271E241B26271E241B26271E241B26271E241B26271E241B26271E241B26271E241B26271E241B26271E241B26271E241B26271E241B06976C9835F120D93039F120D93039F120D93039F120D93039F120D93039F120D93039F120D93039F120D93039F120D93039F120D93039F120D93039F120D930B864C3AC8907C986C98907C986C98907C986C98907C986C98907C986C98907C986C98907C986C98907C986C98907C986C98907C986C98907C986C98907C986C98907C986C1251B664D3C48364C4E3C48364C4E3C48364C4E3C48364C4E3C48364C4E3C48364C4E3C48364C4E3C48364C4E3C48364C4E3C48364C4E3C48364C4E3C48360C2ED9306BE241B26172E241B26172E241B26172E241B26172E241B26172E241B26172E241B26172E241B26172E241B26172E241B26172E241B26172E241B26172E241B26170C98659130F920D93130F920D93130F920D93130F920D93130F920D93130F920D93130F920D93130F920D936B3D68B3E17E4BEFBF9D905AB6FABE793A4AB03FD371B83FBFDE4E48EDCF8E1D0BD54C48EDCF8E9D0A95B4FB797BEEFEECD8B950CD74D4FE50D8A550793ACFF7EA0F705D0FEAFAAAC934FB79A5DB81653E6A7D334CB5BF3C8AB241C7C371E1CDF11BFD9FFFCC43FCF77F4CD78FF362FFFDF168C6ABEB17B777F737AFFBADCADF5C7EB23A9C3CBF41337115A5F7C79515F581A58F2C7D62E9334B5F58FACAD23796BEB3F483A59F2CFD62E9374B0927F128124EB2565C6CC34972C5B3369C24571C6A27AE92DBE567297ED4D796913FD7DA0F6FBFCBFBE387F72F5B08CDEEEFFD49AB43E6493FF5839A7E4F7F58E878506D0BA13F4C783AA8B685D0EF373F977BB51F242CC838F6886F3FBB589071A6DA7E4F7FCAEF76BCE34DF38EFDD294BD3C897A41C66DBF54E2E1A09A16C2F98768A6979F4BCDA714A5F7C7BD9A4F29A88FA43EB1F499A52F2C7D65E91B4BDF59FAC1D24F967EB1F49BA57C4AF14BE653CA5AB1AEFD94922B46B59F5272ABBC4771A36D21F0DA32EEEDA794DC5B798F775293B1CFDEE1BC9F8C7EF60E2727E39FBDC3C98901D93B9C9C3890BDC3C98905D93B9C9C78901602B8EC1DCE9A7890BDC3C98907692190130FB27538B9F28D50B729C483B41078AD7890160239F1202D0472E2415A08E4C483B410C88907692190130FD24220271EA485404E3C480B015C5A08AC8907692190130FD24220271EA485404E3C480B819C7890160239F1202D0472E2415A08E4C483B410C88907692190130FD24220271EA485404E3C480B015C5A08AC8907692190130FD24220271EA485404E3C480B819C7890160239F1202D0472E2415A08E4C483B410C88907692190130FD24220271EA485404E3C480B819C78901602B8B41058130FD24220271EA485404E3C480B819C7890160239F1202D0472E2415A08E4C483B410C88907692190130FD24220271EA485404E3C480B819C78901602B8B41058130FD24220271EA485404E3C480B819C7890160239F1202D0472E2415A08E4C483B410C88907692190130FD24220271EA485404E3C480B819C7890160239F1202D04706921B0261EA485404E3C480B819C7890160239F1202D0472E2415A08E4C483B410C88907692190130FD24220271EA485404E3C480B819C7890160239F1202D04706921B0261EA485404E3C480B819C7890160239F1202D0472E2415A08E4C483B410C88907692190130FD24220271EA485404E3C480B819C7890160239F1202D0472E2415A08E0D242604D3C480B819C7890160239F1202D0472E2415A08E4C483B410C88907692190130FD24220271EA48540AEF5A04921F35FE27F6E22F3D305CFC71ADEF7C71A96D79B18B2DFF9623CA83686ECA7B04F07D5C690F7FDB6DFE55E6D28D86FFB5DA83A86CC8E43EDE198EB41B531641FB56E856ADFB1DF81E4F2A4EACD7AFA27F17050750C594A55B3E0285501C63B96DEB3F481A58F2C7D62E9334B5F58FACAD23796BEB3F483A59F2CFD62E9374BA793D406A915EBF252E9E99C8A63756D966B17A9155BEA6B8B1B756D976BCBB8D7DC1BE1DE4A4D86FE24637F92C13FC9E89F64F84F32FE2711E024069C448193387012094E62C149343889078378308807837830880783783088078378308807837830880783783088078378308807837830880783783088078378308807837830880783783088078378308807A378308A07A378308A07A378308A07A378308A07A378308A07A378308A07A378308A07A378308A07A378308A07A378308A07A378308A07A378308A07A378308A079378308907937830890793783089079378308907937830890793783089079378308907937830890793783089079378308907937830890793783089079378308907B378308B07B378308B07B378308B07B378308B07B378308B07B378308B07B378308B07B378308B07B378308B07B378308B07B378308B07B378308B07B378308B078B78B088078B78B088078B78B088078B78B088078B78B088078B78B088078B78B088078B78B088078B78B088078B78B088078B78B088078B78B088078B78B08807AB78B08A07AB78B08A07AB78B08A07AB78B08A07AB78B08A07AB78B08A07AB78B08A07AB78B08A07AB78B08A07AB78B08A07AB78B08A07AB78B08A07AB78B08A079B78B089079B78B089079B78B089079B78B089079B78B089079B78B089079B78B089079B78B089079B78B089079B78B089079B78B089079B78B089079B78B08907BB78B08B07BB78B08B07BB78B08B07BB78B08B07BB78B08B07BB78B08B07BB78B08B07BB78B08B07BB78B08B077BEB411B433EEE1AFECFECA7F0FABCCD78D94FA13F7CF078B9DD4FE1BEA3C683EA52C86EFB88E9A0DA14F275B719F85CEED56482AFBBCDC097423593215F777B33AC856AF65378DD65955BA192F73E4F8A7EDDA5A3BB3D897E038787032A339B9F2687DFBEEE22D437975BD5C124B6857F776055B2F59EA50F2C7D64E9134B9F59FAC2D25796BEB1F49DA51F2CFD64E9174BBF594A3089A7731AA456446C83495E5B24ABB9A2545D2B02B5C124EF57E4A8B9E2421B4CF2DAB7F27BC8D02798E4B532F80926C9C9F02798242702249824270A2498242712249824271A24980497609235F120C124B9F2F5538D47824972E241824972E56BA3BE9F78906092D7966F80FA5AF120C124AF150F124C92130F124C92130F124C92130F124C92130F124C92130F124C92130F124C824B30C99A789060929C789060929C789060929C789060929C789060929C789060929C789060929C789060929C789060929C789060929C789060929C789060125C8249D6C4830493E4C4830493E4C4830493E4C4830493E4C4830493E4C4830493E4C4830493E4C4830493E4C4830493E4C4830493E4C4830493E4C4830493E4C4830493E0124CB2261E249824271E249824271E249824271E249824271E249824271E249824271E249824271E249824271E249824271E249824271E249824271E24980497609235F120C12439F120C12439F120C12439F120C12439F120C12439F120C12439F120C12439F120C12439F120C12439F120C12439F120C12439F120C12439F120C124B80493AC89070926C989070926C989070926C989070926C989070926C989070926C989070926C989070926C989070926C989070926C989070926C989070926C12598644D3C4830494E3C4830494E3C4830494E3C4830494E3C4830494E3C4830494E3C4830494E3C4830494E3C4830494E3C4830494E3C4830494E3C4830494E3C4830092EC1246BE241824972E241824972E241824972E241824972E241824972E241824972E241824972E241824972AD076D30F97870DE7F2598FC97FF4808F7F22AD1D9FFF897FFFCB77F3DBD7EBCB09A27D91F6A585E6FE649BEEECE3A1B0FAA4D285F77330DA783EA12CAFEE4AF72AF36A1EC7EAEA550CD3CC9FE6CB8F5A09A7992D7FDD9705BA1EA77BCBE4142599E5495635EF767C33D1CF76AE6499E2FAC976B1F541550BC63E93D4B1F58FAC8D227963EB3F485A5AF2C7D63E93B4B3F58FAC9D22F967EB39438F2FCC0EA686F905AB1AE8D2379ED2CD7167FDA3892D716376A6E97FB95716FE348DEEFAD5C2B439F3892D7CAE0278E2427C39F38929C089038929C289038929C489038929C689038125CE248D6C483C491E4CA774D1B4792130F124792130F324F929C78907992E4C483C491E4C483C491E4C483C491E4C483C491E4C483C491E4C483C491E4C483C491E4C483C491E01247B2261E248E2427DF078923C989078923C989078923C989078923C989078923C989078923C989078923C989078923C989078923C989078923C989078923C1258E644D3C481C494E3C481C494E3C481C494E3C481C494E3C481C494E3C481C494E3C481C494E3C481C494E3C481C494E3C481C494E3C481C494E3C481C494E3C481C092E71246BE241E24872E241E24872E241E24872E241E24872E241E24872E241E24872E241E24872E241E24872E241E24872E241E24872E241E24872E241E24870892359130F124792130F124792130F124792130F124792130F124792130F124792130F124792130F124792130F124792130F124792130F124792130F124792130F1247824B1CC99A789038929C789038929C789038929C789038929C789038929C789038929C789038929C789038929C789038929C789038929C789038929C789038125CE248D6C483C491E4C483C491E4C483C491E4C483C491E4C483C491E4C483C491E4C483C491E4C483C491E4C483C491E4C483C491E4C483C491E4C483C491E4C483C491E01247B2261E248E24271E248E24271E248E24271E248E24271E248E24271E248E24271E248E24271E248E24D77AD0C6912FFF7FE3C8C70BFFED5F8FF992FDECC5E1F5F9E566BEE4DD5537C7713CA8268DBCBBEAE6384E07D5A49177FD96A873B9577EFDCBECC5BBAB6E8EE352A83A8D7C71D56F1E59A87ABEE4DD5597336E85AAE74BDE5D75931CF7F22492125F7EAE7E87C987036AC2C8F3136CC2C873A90923517A7FDCABA23EB0F491A54F2C7D66E90B4B5F59FAC6D277967EB0F493A55F2CFD662961241E45E646B256A46BC3487245A89A2BFAB46124AF2D6AB46124B932EE6D1849EEADFC1EEFA426639F45DBBC9F8C7E166D9393F1CFA26D726240166D931307B2689B9C589045DBE4C4838491E0B2689B35F1208BB6C9890759B44D6E959A78903092D78A070923C989070923C989070923C989070923C989070923C989070923C989070923C989070923C989070923C1258C644D3C4818494E3C4818494E3C4818494E3C4818494E3C4818494E3C4818494E3C4818494E3C4818494E3C4818494E3C4818494E3C4818494E3C4818092E61246BE241C24872E241C24872E241C24872E241C24872E241C24872E241C24872E241C24872E241C24872E241C24872E241C24872E241C24872E241C24872E241C24870092359130F124692130F124692130F124692130F124692130F124692130F124692130F124692130F124692130F124692130F124692130F124692130F1246824B18C99A789030929C789030929C789030929C789030929C789030929C789030929C789030929C789030929C789030929C789030929C789030929C789030929C789030125CC248D6C4838491E4C4838491E4C4838491E4C4838491E4C4838491E4C4838491E4C4838491E4C4838491E4C4838491E4C4838491E4C4838491E4C4838491E01246B2261E248C24271E248C24271E248C24271E248C24271E248C24271E248C24271E248C24271E248C24271E248C24271E248C24271E248C24271E248C24271E248C0497309235F120612439F120612439F120612439F120612439F120612439F120612439F120612439F1206124B9D683368CCC0150FFDCA2EDC70B9EE744F6ABA387D7C7EBF59CC8BB2BCC893C535D0A89399167AA4B213127F2B8579B42624EE441D529E4DD75978EAEC74FFFB24921AFBB74742B5493425E772BC0777D12FD6E950F07D52CDBBEBBEE72CF37977BD5CBB6CFBF51134DA2F4FEB8B28926417D24F589A5CF2C7D61E92B4BDF58FACED20F967EB2F48BA5DF2C259AC42F996892B5516A93D466A92D522B06D5F162F1A58D26F9B31417DA6892DC5B79DF775293B14F34C9FBC9E8279A2427E39F68929C189068929C389068929C589068929C789068125CA249D6C4834493E4C4834493E4C483EC2749AE7C4BD47331C5834493BC563C4834494E3C4834494E3C4834494E3C4834494E3C4834494E3C4834494E3C4834494E3C4834092ED1246BE241A24972E241A24972E241A24972E241A24972E241A24972E241A24972E241A24972E241A24972E241A24972E241A24972E241A24972E241A24970892659130F124D92130F124D92130F124D92130F124D92130F124D92130F124D92130F124D92130F124D92130F124D92130F124D92130F124D92130F124D92130F124D824B34C99A789068929C789068929C789068929C789068929C789068929C789068929C789068929C789068929C789068929C789068929C789068929C789068125CA249D6C4834493E4C4834493E4C4834493E4C4834493E4C4834493E4C4834493E4C4834493E4C4834493E4C4834493E4C4834493E4C4834493E4C4834493E4C4834493E0124DB2261E249A24271E249A24271E249A24271E249A24271E249A24271E249A24271E249A24271E249A24271E249A24271E249A24271E249A24271E249A0497689235F120D12439F120D12439F120D12439F120D12439F120D12439F120D12439F120D12439F120D12439F120D12439F120D12439F120D12439F120D12439F120D124B84493AC89078926C989078926C989078926C989078926C989078926C989078926C989078926C989078926C9B51EB4D164CE68FFE7A2C9C70B9EE7477679DCF0FAFC723B3FF2BA9B3B381E549B4C5E77F9E574506D3279DDE59773B957934C5E77F9E552A83A997C798B64F2FCD337ABB55FDE22993CA8F61DBB2C742F4FA29E1FF9F2B69BB7F97050CD04C9F3ED9B0992E7529342A2F4FEB857934282FA48EA134B9F59FAC2D25796BEB1F49DA51F2CFD64E9174BBF594A0A895F3229246BC5BA768224B962543B4192DC2AEFB149AD9850DFAF8C7B9B42F23DDECAFDDE494DC63E2924EF27A39F14929C8C7F5248726240524872E2405248726241524872E241524870492159130F924292130F924292130F924292130FB27924B93752130F9242F25AF120292439F120292439F120292439F120292439F120292439F120292439F1202924B8A490AC89074921C989074921C989074921C989074921C989074921C989074921C989074921C989074921C989074921C989074921C989074921C989074921C12585644D3C480A494E3C480A494E3C480A494E3C480A494E3C480A494E3C480A494E3C480A494E3C480A494E3C480A494E3C480A494E3C480A494E3C480A494E3C480A092E29246BE241524872E241524872E241524872E241524872E241524872E241524872E241524872E241524872E241524872E241524872E241524872E241524870492159130F924292130F924292130F924292130F924292130F924292130F924292130F924292130F924292130F924292130F924292130F924292130F924292130F9242824B0AC99A789014929C789014929C789014929C789014929C789014929C789014929C789014929C789014929C789014929C789014F2FF71766EBB715C8716FC95C03F608B942809700C70AEA46FF1FDF616F8D930E024FEFEB3D6E99E56EF5D8573223F0558A91E5233856DA0D09C26271EA44292130F5221C1A54272130F5221C98907A990E4C483544872E2412A2439F12015929C78900A494E3C488524271EA44292130F5221C98907A990E4C483544872E2412A2439F12015125C2A2437F12015929C78900A494E3C488524271EA44292130F5221C98907A990E4C483544872E2412A24B9D183B1423EBC6F85EC05BB1B24A7AC7678BBFEFFC30D9277F833ED851A33E41DFE4C7BA1C60C793785CFF3FA13EF872878873FD35E7FE29021E7AF83BCAEAF3564C8873BFC99F6F25A2FC79F883FD3BEBD53BB3FD37E3DFDF29FAE3F70A890CB7543855CA6A14262FA727DADA14282FA8AD4D79CBEE1F42DA7EF387DCFE9074E3F72FA89D3CF9C7EE1940A897F642A24B7A36C27D96E428D1592AF779365BC1792DCB3FC8CDBE73E56485EFBB95CFB856CF2D9A742F2F5E4D34F8524279F7F2A2439312015929C38900A494E2C488524271EA442824B85E4261EA44292130F5221C98907A990E4C4835448729FC9261EA442F25AF12015929C78900A494E3C488524271EA44292130F5221C98907A990E4C483544870A990DCC483544872E2412A2439F12015929C78900A494E3C488524271EA44292130F5221C98907A990E4C483544872E2412A2439F12015929C78900A092E15929B78900A494E3C488524271EA44292130F5221C98907A990E4C483544872E2412A2439F12015929C78900A494E3C488524271EA44292130F5221C98907A990E05221B98907A990E4C483544872E2412A2439F12015929C78900A494E3C488524271EA44292130F5221C98907A990E4C483544872E2412A2439F12015125C2A2437F12015929C78900A494E3C488524271EA44292130F5221C98907A990E4C483544872E2412A2439F12015929C78900A494E3C488524271EA44292130F5221C1A54272130F5221C98907A990E4C483544872E2412A2439F12015929C78900A494E3C488524271EA44292130F5221C98907A990E4C483544872E2412A24B854486EE2412A2439F12015929C78900A494E3C488524271EA44292130F5221C98907A990E4C483544872E2412A2439F12015929C78900A494E3C488524271EA442824B85E4261EA44292130F5221C98907A990E4C483544872E2412A2439F12015929C78900A494E3C488524377A3056C854B9F7BB17B217BCBB17720A7487B7CBFF3DDE0B7987BFD25EA82942E2AFB4176A8A90F82BEDF5B5C62488BFD25EA9E1BB22F9E49A851A23E4FD94509FD67FE31821EFA784FA7C7B27F6F742CED5F3D3151A22E4F23B0C117299860889E9CBF5B5860809EA2B525F73FA86D3B79CBEE3F43DA71F38FDC8E9274E3F73FA85532224FE918990DC8EB29D643BCB7691ED2ADB4D8DF10FB2F9BBDC3EF7314292FB5C7EC617B2C9679F08C9D7934F3F11929C7CFE8990E4C480444872E240222439B12011929C789008092E11929B789008494E3C488424271E244292BB1D08E31F6493FB4CAE150F122179AD789008494E3C488424271E244292130F1221C989078990E4C483444872E2412224B844486EE241222439F12011929C789008494E3C488424271E244292130F1221C989078990E4C483444872E241222439F12011929C789008494E3C4884049708C94D3C488424271E244292130F1221C989078990E4C483444872E241222439F12011929C789008494E3C488424271E244292130F1221C989078990E4C4834448708990DCC483444872E241222439F12011929C789008494E3C488424271E244292130F1221C989078990E4C483444872E241222439F12011929C789008092E11929B789008494E3C488424271E244292130F1221C989078990E4C483444872E241222439F12011929C789008494E3C488424271E244292130F1221C989078990E01221B989078990E4C483444872E241222439F12011929C789008494E3C488424271E244292130F1221C989078990E4C483444872E241222439F12011125C222437F12011929C789008494E3C488424271E244292130F1221C989078990E4C483444872E241222439F12011929C789008494E3C488424271E244292130F1221C1254272130F1221C989078990E4C483444872E241222439F12011929C789008494E3C488424271E2442921B3D182364BE15F1AF3D47BB17EE6E899C6E043CBC5DFFFFE196C8FBE94EC0E34A8D35F27EBA8DF1B452638DBC9FFAE7F9F65A438DBC9F7EAFCB8DCABBB43D47469E5CB3FCF6538D9C5AEAD3FA5A438DBC9BBF7FF2F9F64EFCDF4FAE597EE05023D769FFF590CB34D4484C5FAE3F70A891A0BE22F535A76F387DCBE93B4EDF73FA81D38F9C7EE2F433A75F38A546E21F991AC9ED26DDF887D9E46E428DB74492BBCACFB8A931D6485EFBA95CFB996C9FCBF6856CF2D9A746F2E7CAA79F1A494E3EFFD4487262406A2439712035929C58901A494E3C488D04971AC94D3C488D24271EA44692130F5223C9DD0E84B14692130F0EE2416A24AF150F5223C98907A991E4C483D44872E2416A2439F12035929C78901A494E3C488D04971AC94D3C488D24271EA44692130F5223C98907A991E4C483D44872E2416A2439F12035929C78901A494E3C488D24271EA44692130F5223C98907A991E05223B98907A991E4C483D44872E2416A2439F12035929C78901A494E3C488D24271EA44692130F5223C98907A991E4C483D44872E2416A2439F12035929C78901A092E35929B78901A494E3C488D24271EA44692130F5223C98907A991E4C483D44872E2416A2439F12035929C78901A494E3C488D24271EA44692130F5223C1A54672130F5223C98907A991E4C483D44872E2416A2439F12035929C78901A494E3C488D24271EA44692130F5223C98907A991E4C483D44, N'Excel', 0)
SET IDENTITY_INSERT [dbo].[Document] OFF
GO

SET IDENTITY_INSERT [dbo].[DocumentCategory] ON
INSERT [dbo].[DocumentCategory] ([ID], [Name]) VALUES (1, N'Other Documents')
INSERT [dbo].[DocumentCategory] ([ID], [Name]) VALUES (2, N'Case Documents')
INSERT [dbo].[DocumentCategory] ([ID], [Name]) VALUES (3, N'Client Documents')
INSERT [dbo].[DocumentCategory] ([ID], [Name]) VALUES (4, N'Legal Research')
INSERT [dbo].[DocumentCategory] ([ID], [Name]) VALUES (5, N'Contracts and Agreements')
INSERT [dbo].[DocumentCategory] ([ID], [Name]) VALUES (6, N'Court Orders and Judgments')
INSERT [dbo].[DocumentCategory] ([ID], [Name]) VALUES (7, N'Financial Documents')
INSERT [dbo].[DocumentCategory] ([ID], [Name]) VALUES (8, N'Legal Forms')
INSERT [dbo].[DocumentCategory] ([ID], [Name]) VALUES (9, N'Regulatory Compliance Documents')
INSERT [dbo].[DocumentCategory] ([ID], [Name]) VALUES (10, N'Intellectual Property Documents')
INSERT [dbo].[DocumentCategory] ([ID], [Name]) VALUES (11, N'Employee and HR Documents')
INSERT [dbo].[DocumentCategory] ([ID], [Name]) VALUES (12, N'Insurance Documents')
INSERT [dbo].[DocumentCategory] ([ID], [Name]) VALUES (13, N'Discovery Documents')
INSERT [dbo].[DocumentCategory] ([ID], [Name]) VALUES (14, N'Notarial Documents')
INSERT [dbo].[DocumentCategory] ([ID], [Name]) VALUES (15, N'Estate Planning Documents')
INSERT [dbo].[DocumentCategory] ([ID], [Name]) VALUES (16, N'Real Estate Documents')
INSERT [dbo].[DocumentCategory] ([ID], [Name]) VALUES (17, N'Correspondence')
INSERT [dbo].[DocumentCategory] ([ID], [Name]) VALUES (18, N'Evidence and Exhibits')
INSERT [dbo].[DocumentCategory] ([ID], [Name]) VALUES (19, N'Administrative Documents')
SET IDENTITY_INSERT [dbo].[DocumentCategory] OFF
GO

SET IDENTITY_INSERT [dbo].[Client] ON
INSERT [dbo].[Client] ([ID], [UserID], [FullName], [PhoneNumber], [Email], [Address]) VALUES (1, 3, N'Client', NULL, N'client@gmail.com', N'Client Address')
INSERT [dbo].[Client] ([ID], [UserID], [FullName], [PhoneNumber], [Email], [Address]) VALUES (2, 4, N'Kaedehara Kazuha', NULL, N'kaedeharakazuha@gmail.com', N'Inazuma')
INSERT [dbo].[Client] ([ID], [UserID], [FullName], [PhoneNumber], [Email], [Address]) VALUES (3, 5, N'Zhongli', NULL, N'zhongli@gmail.com', N'Liyue')
INSERT [dbo].[Client] ([ID], [UserID], [FullName], [PhoneNumber], [Email], [Address]) VALUES (4, 6, N'Eula', NULL, N'eula@gmail.com', N'Mondstadt')
INSERT [dbo].[Client] ([ID], [UserID], [FullName], [PhoneNumber], [Email], [Address]) VALUES (5, 7, N'Nahida', NULL, N'nahida@gmail.com', N'Sumeru')
INSERT [dbo].[Client] ([ID], [UserID], [FullName], [PhoneNumber], [Email], [Address]) VALUES (6, 8, N'Venti', NULL, N'venti@gmail.com', N'Mondstadt')
INSERT [dbo].[Client] ([ID], [UserID], [FullName], [PhoneNumber], [Email], [Address]) VALUES (7, 9, N'Raiden Ei', NULL, N'raidenei@gmail.com', N'Inazuma')
INSERT [dbo].[Client] ([ID], [UserID], [FullName], [PhoneNumber], [Email], [Address]) VALUES (8, 10, N'Furina', NULL, N'furina@gmail.com', N'Fontaine')
INSERT [dbo].[Client] ([ID], [UserID], [FullName], [PhoneNumber], [Email], [Address]) VALUES (9, 11, N'Yelan', NULL, N'yelan@gmail.com', N'Liyue')
INSERT [dbo].[Client] ([ID], [UserID], [FullName], [PhoneNumber], [Email], [Address]) VALUES (10, 12, N'Cyno', NULL, N'cyno@gmail.com', N'Sumeru')
INSERT [dbo].[Client] ([ID], [UserID], [FullName], [PhoneNumber], [Email], [Address]) VALUES (11, 13, N'Kamisato Ayaka', NULL, N'kamisatoayaka@gmail.com', N'Inazuma')
INSERT [dbo].[Client] ([ID], [UserID], [FullName], [PhoneNumber], [Email], [Address]) VALUES (12, 14, N'Kamisato Ayato', NULL, N'kamisatoayato@gmail.com', N'Inazuma')
INSERT [dbo].[Client] ([ID], [UserID], [FullName], [PhoneNumber], [Email], [Address]) VALUES (13, 15, N'Yae Miko', NULL, N'yaemiko@gmail.com', N'Inazuma')
INSERT [dbo].[Client] ([ID], [UserID], [FullName], [PhoneNumber], [Email], [Address]) VALUES (14, NULL, N'Arataki Itto', NULL, N'aratakiitto@gmail.com', N'Inazuma')
INSERT [dbo].[Client] ([ID], [UserID], [FullName], [PhoneNumber], [Email], [Address]) VALUES (15, NULL, N'Diluc', NULL, N'diluc@gmail.com', N'Mondstadt')
INSERT [dbo].[Client] ([ID], [UserID], [FullName], [PhoneNumber], [Email], [Address]) VALUES (16, 22, N'Dehya', NULL, N'dehya@gmail.com', N'Sumeru')
SET IDENTITY_INSERT [dbo].[Client] OFF
GO

SET IDENTITY_INSERT [dbo].[Case] ON
INSERT [dbo].[Case] ([ID], [PartnerUserID], [ClientID], [Name], [CreatedTime], [UpdatedTime], [ClosedTime], [StatusID]) VALUES (1, 1, 1, N'Civil Case A', CAST(N'2023-11-15T10:54:11.157'AS DateTime), CAST(N'2023-12-10T10:54:11.157' AS DateTime), NULL, 1)
INSERT [dbo].[Case] ([ID], [PartnerUserID], [ClientID], [Name], [CreatedTime], [UpdatedTime], [ClosedTime], [StatusID]) VALUES (2, 18, 2, N'Civil Case B', CAST(N'2023-11-15T10:54:11.157'AS DateTime), CAST(N'2023-11-30T10:54:11.157' AS DateTime), CAST(N'2023-12-10T10:54:11.157' AS DateTime), 6)
INSERT [dbo].[Case] ([ID], [PartnerUserID], [ClientID], [Name], [CreatedTime], [UpdatedTime], [ClosedTime], [StatusID]) VALUES (3, 1, 5, N'Criminal Case', CAST(N'2023-10-24T10:54:11.157'AS DateTime), CAST(N'2023-10-10T10:54:11.157' AS DateTime), NULL, 3)
SET IDENTITY_INSERT [dbo].[Case] OFF
GO

SET IDENTITY_INSERT [dbo].[CaseStatus] ON
INSERT [dbo].[CaseStatus] ([ID], [StatusName], [StatusDescription])VALUES (1, N'Active', N'Lawyer accept the case and start working on it.')
INSERT [dbo].[CaseStatus] ([ID], [StatusName], [StatusDescription])VALUES (2, N'Under Review', N'Lawyer assess the case details, identify legal issues, determine the appropriate strategy, and prepare for potential court filings.')
INSERT [dbo].[CaseStatus] ([ID], [StatusName], [StatusDescription])VALUES (3, N'Negotiation', N'Lawyer engage in negotiations with clients, draft settlement agreements, prepare relevant court documents, and work towards a resolution.')
INSERT [dbo].[CaseStatus] ([ID], [StatusName], [StatusDescription])VALUES (4, N'Court Proceedings', N'Lawyer: Conduct investigations, prepare legal documents, engage in discovery, file necessary court documents, and actively participate in court proceedings.')
INSERT [dbo].[CaseStatus] ([ID], [StatusName], [StatusDescription])VALUES (5, N'On Hold', N'Lawyer inform the court about the temporary pause, state the reasons for the hold, monitor any external factors causing the delay, and plan for resumption.')
INSERT [dbo].[CaseStatus] ([ID], [StatusName], [StatusDescription])VALUES (6, N'Settled', N'Lawyer finalize all necessary documentation, inform the client of case resolution, and ensure any post-settlement tasks are completed. ')
SET IDENTITY_INSERT [dbo].[CaseStatus] OFF
GO

/** wy task **/
SET IDENTITY_INSERT [dbo].[Task] ON
INSERT [dbo].[Task] ([ID], [PartnerUserID], [ParalegalUserID], [CaseID], [EventID], [DocumentID], [Title], [Description], [AssignedTime], [CompletedTime], [DueTime], [InProgress])
	VALUES (1, 1, 2, 1, NULL, 1, N'First Task', N'This is the 1st...', CAST(N'2023-12-10T10:54:11.157' AS DateTime), NULL, CAST(N'2023-12-25T10:54:11.157' AS DateTime), 1)
SET IDENTITY_INSERT [dbo].[Task] OFF
GO

SET IDENTITY_INSERT [dbo].[Event] ON
INSERT [dbo].[Event] ([ID], [CaseID], [PartnerUserID], [ClientID],[Name], [CreatedTime], [EventTime], [IsCompleted]) VALUES (1, 1, 1, 1, N'Court Hearings', CAST(N'2023-11-15T10:54:11.157'AS DateTime), CAST(N'2023-12-10T10:54:11.157' AS DateTime), 0)
INSERT [dbo].[Event] ([ID], [CaseID], [PartnerUserID], [ClientID], [Name], [CreatedTime], [EventTime], [IsCompleted]) VALUES (2, 2, 18,2, N'Trial Preparation', CAST(N'2023-12-10T10:54:11.157' AS DateTime), CAST(N'2023-12-10T10:54:11.157' AS DateTime), 1)
SET IDENTITY_INSERT [dbo].[Event] OFF
GO

INSERT [dbo].[Paralegal] ([UserID], [PhoneNumber], [Address], [IsActive]) VALUES (2, NULL, N'Paralegal Address', 1)
INSERT [dbo].[Paralegal] ([UserID], [PhoneNumber], [Address], [IsActive]) VALUES (16, NULL, N'Liyue', 1)
INSERT [dbo].[Paralegal] ([UserID], [PhoneNumber], [Address], [IsActive]) VALUES (19, NULL, N'Fontaine', 1)
INSERT [dbo].[Paralegal] ([UserID], [PhoneNumber], [Address], [IsActive]) VALUES (20, NULL, N'Fontaine', 0)

INSERT [dbo].[Partner] ([UserID], [ParalegalUserID], [PhoneNumber], [Address]) VALUES (1, 2, NULL, N'Partner Address')
INSERT [dbo].[Partner] ([UserID], [ParalegalUserID], [PhoneNumber], [Address]) VALUES (17, 19, NULL, N'Inazuma')
INSERT [dbo].[Partner] ([UserID], [ParalegalUserID], [PhoneNumber], [Address]) VALUES (18, 16, NULL, N'Fontaine')

ALTER TABLE [dbo].[User] WITH CHECK ADD CONSTRAINT [FK_User_UserRole] FOREIGN KEY([UserRoleID])
REFERENCES [dbo].[UserRole] ([ID])
GO
ALTER TABLE [dbo].[User] CHECK CONSTRAINT [FK_User_UserRole]
GO

ALTER TABLE [dbo].[RoleAccessPage] WITH CHECK ADD CONSTRAINT [FK_RoleAccessPage_Page] FOREIGN KEY([PageID])
REFERENCES [dbo].[Page] ([ID])
GO
ALTER TABLE [dbo].[RoleAccessPage] CHECK CONSTRAINT [FK_RoleAccessPage_Page]
GO
ALTER TABLE [dbo].[RoleAccessPage] WITH CHECK ADD CONSTRAINT [FK_RoleAccessPage_UserRole] FOREIGN KEY([UserRoleID])
REFERENCES [dbo].[UserRole] ([ID])
GO
ALTER TABLE [dbo].[RoleAccessPage] CHECK CONSTRAINT [FK_RoleAccessPage_UserRole]
GO

ALTER TABLE [dbo].[Notification] WITH CHECK ADD CONSTRAINT [FK_Notification_User] FOREIGN KEY([UserID])
REFERENCES [dbo].[User] ([ID])
GO
ALTER TABLE [dbo].[Notification] CHECK CONSTRAINT [FK_Notification_User]
GO

ALTER TABLE [dbo].[Announcement] WITH CHECK ADD CONSTRAINT [FK_Announcement_Partner] FOREIGN KEY([PartnerUserID])
REFERENCES [dbo].[User] ([ID])
GO
ALTER TABLE [dbo].[Announcement] CHECK CONSTRAINT [FK_Announcement_Partner]
GO

ALTER TABLE [dbo].[Appointment] WITH CHECK ADD CONSTRAINT [FK_Appointment_Client] FOREIGN KEY([ClientID])
REFERENCES [dbo].[Client] ([ID])
GO
ALTER TABLE [dbo].[Appointment] CHECK CONSTRAINT [FK_Appointment_Client]
GO
ALTER TABLE [dbo].[Appointment] WITH CHECK ADD CONSTRAINT [FK_Appointment_Partner] FOREIGN KEY([PartnerUserID])
REFERENCES [dbo].[User] ([ID])
GO
ALTER TABLE [dbo].[Appointment] CHECK CONSTRAINT [FK_Appointment_Partner]
GO

ALTER TABLE [dbo].[Appointment]  WITH CHECK ADD  CONSTRAINT [FK_Appointment_AppointmentCategory] FOREIGN KEY([CategoryId])
REFERENCES [dbo].[AppointmentCategory] ([Id])
GO
ALTER TABLE [dbo].[Appointment] CHECK CONSTRAINT [FK_Appointment_AppointmentCategory]
GO

ALTER TABLE [dbo].[Task] WITH CHECK ADD CONSTRAINT [FK_Task_Partner] FOREIGN KEY([PartnerUserID])
REFERENCES [dbo].[User] ([ID])
GO
ALTER TABLE [dbo].[Task] CHECK CONSTRAINT [FK_Task_Partner]
GO
ALTER TABLE [dbo].[Task] WITH CHECK ADD CONSTRAINT [FK_Task_Paralegal] FOREIGN KEY([ParalegalUserID])
REFERENCES [dbo].[User] ([ID])
GO
ALTER TABLE [dbo].[Task] CHECK CONSTRAINT [FK_Task_Paralegal]
GO
ALTER TABLE [dbo].[Task] WITH CHECK ADD CONSTRAINT [FK_Task_Case] FOREIGN KEY([CaseID])
REFERENCES [dbo].[Case] ([ID])
GO
ALTER TABLE [dbo].[Task] CHECK CONSTRAINT [FK_Task_Case]
GO
ALTER TABLE [dbo].[Task] WITH CHECK ADD CONSTRAINT [FK_Task_Event] FOREIGN KEY([EventID])
REFERENCES [dbo].[Event] ([ID])
GO
ALTER TABLE [dbo].[Task] CHECK CONSTRAINT [FK_Task_Event]
GO
ALTER TABLE [dbo].[Task] WITH CHECK ADD CONSTRAINT [FK_Task_Document] FOREIGN KEY([DocumentID])
REFERENCES [dbo].[Document] ([ID])
GO
ALTER TABLE [dbo].[Task] CHECK CONSTRAINT [FK_Task_Document]
GO

ALTER TABLE [dbo].[Case] WITH CHECK ADD CONSTRAINT [FK_Partner_Case] FOREIGN KEY([PartnerUserID])
REFERENCES [dbo].[User] ([ID])
GO
ALTER TABLE [dbo].[Case] CHECK CONSTRAINT [FK_Partner_Case]
GO

ALTER TABLE [dbo].[Case] WITH CHECK ADD CONSTRAINT [FK_Client_Case] FOREIGN KEY([ClientID])
REFERENCES [dbo].[Client] ([ID])
GO
ALTER TABLE [dbo].[Case] CHECK CONSTRAINT [FK_Client_Case]
GO

ALTER TABLE [dbo].[Case] WITH CHECK ADD CONSTRAINT [FK_Case_Status] FOREIGN KEY([StatusID])
REFERENCES [dbo].[CaseStatus] ([ID])
GO
ALTER TABLE [dbo].[Case] CHECK CONSTRAINT [FK_Case_Status]
GO

ALTER TABLE [dbo].[Event] WITH CHECK ADD CONSTRAINT [FK_Event_Case] FOREIGN KEY([CaseID])
REFERENCES [dbo].[Case] ([ID])
GO
ALTER TABLE [dbo].[Event] CHECK CONSTRAINT [FK_Event_Case]
GO

ALTER TABLE [dbo].[Event] WITH CHECK ADD CONSTRAINT [FK_Event_Partner] FOREIGN KEY([PartnerUserID])
REFERENCES [dbo].[User] ([ID])
GO
ALTER TABLE [dbo].[Event] CHECK CONSTRAINT [FK_Event_Partner]
GO

ALTER TABLE [dbo].[Event] WITH CHECK ADD CONSTRAINT [FK_Event_Client] FOREIGN KEY([ClientID])
REFERENCES [dbo].[Client] ([ID])
GO
ALTER TABLE [dbo].[Event] CHECK CONSTRAINT [FK_Event_Client]
GO

ALTER TABLE [dbo].[Document]  WITH CHECK ADD  CONSTRAINT [FK_Document_DocumentCategory] FOREIGN KEY([CategoryId])
REFERENCES [dbo].[DocumentCategory] ([Id])
GO
ALTER TABLE [dbo].[Document] CHECK CONSTRAINT [FK_Document_DocumentCategory]
GO

ALTER TABLE [dbo].[Document]  WITH CHECK ADD  CONSTRAINT [FK_Document_Case] FOREIGN KEY([CaseId])
REFERENCES [dbo].[Case] ([Id])
GO
ALTER TABLE [dbo].[Document] CHECK CONSTRAINT [FK_Document_Case]
GO

ALTER TABLE [dbo].[Document] WITH CHECK ADD CONSTRAINT [FK_Document_Partner] FOREIGN KEY([PartnerUserID])
REFERENCES [dbo].[User] ([ID])
GO
ALTER TABLE [dbo].[Document] CHECK CONSTRAINT [FK_Document_Partner]
GO

ALTER TABLE [dbo].[Client] WITH CHECK ADD CONSTRAINT [FK_Client_User] FOREIGN KEY([UserID])
REFERENCES [dbo].[User] ([ID])
GO
ALTER TABLE [dbo].[Client] CHECK CONSTRAINT [FK_Client_User]
GO

ALTER TABLE [dbo].[Paralegal] WITH CHECK ADD CONSTRAINT [FK_Paralegal_User] FOREIGN KEY([UserID])
REFERENCES [dbo].[User] ([ID])
GO
ALTER TABLE [dbo].[Paralegal] CHECK CONSTRAINT [FK_Paralegal_User]
GO

ALTER TABLE [dbo].[Partner] WITH CHECK ADD CONSTRAINT [FK_Partner_User] FOREIGN KEY([UserID])
REFERENCES [dbo].[User] ([ID])
GO
ALTER TABLE [dbo].[Partner] CHECK CONSTRAINT [FK_Partner_User]
GO

ALTER TABLE [dbo].[Partner] WITH CHECK ADD CONSTRAINT [FK_Partner_Paralegal] FOREIGN KEY([ParalegalUserID])
REFERENCES [dbo].[Paralegal] ([UserID])
GO
ALTER TABLE [dbo].[Partner] CHECK CONSTRAINT [FK_Partner_Paralegal]
GO